,city_from,city_to,weight
0,Ростов-на-Дону,Бор,0.3
1,Москва,Волгоград,5.0
2,Сочи,Москва,0.06
3,Добрянка,Пермь,0.1
4,Зерноград,Санкт-Петербург,0.5
5,Москва,Волжский,0.5
6,Москва,Минск,4.08
7,Петрозаводск,Некрасовка район,1.0
8,"Аксай, Ростовская область",Майкоп,0.6
9,Москва,Рязань,0.9
10,Нижнекамск,Пермь,0.5
11,Нижний Новгород,Тюмень,0.1
12,Москва,Новокузнецк,1.0
13,Москва,Ярославль,1.0
14,Казань,Ишим,0.5
15,Тюмень,Новый Уренгой,33.0
16,Москва,Санкт-Петербург,4.0
17,"Аксай, Ростовская область",Нижний Новгород,0.3
18,Самара,Звенигород,1.72
19,Рыбинск,Тихвин,0.1
20,Москва,Ступино,0.9
21,Санкт-Петербург,Чебоксары,1.0
22,Брянск,Алушта,0.1
23,"Аксай, Ростовская область",Волжский,0.3
24,Новосибирск,Владивосток,0.5
25,Копейск,Черноморское,0.3
26,Москва,Москва,1.4
27,Санкт-Петербург,Буденновск,1.0
28,Минск,Волоколамск,0.6
29,Москва,Ставрополь,0.1
30,Санкт-Петербург,Майкоп,1.4
31,Новороссийск,Королев,4.54
32,Екатеринбург,Котлас,1.0
33,"Аксай, Ростовская область",Уфа,0.3
34,Москва,Минск,0.16
35,Москва,Рыбинск,0.6
36,Пятигорск,Щербинка,0.1
37,Новосибирск,Чита,0.5
38,Москва,Пятигорск,0.1
39,Москва,Красноярск,0.3
40,Москва,Павловский Посад,5.45
41,Щелково,Старая Купавна,0.5
42,Белгород,Сергиев Посад,0.5
43,Семенов,Краснодар,5.0
44,"Аксай, Ростовская область",Ярославль,0.6
45,Москва,Саратов,0.1
46,Мытищи,Самара,3.0
47,Минск,Ленинградская,0.4
48,Санкт-Петербург,Балашиха,0.3
49,Сочи,Иркутск,6.5
50,Курск,Подольск,0.5
51,Мытищи,Санкт-Петербург,3.38
52,Селятино,Москва,0.7
53,Краснодар,Санкт-Петербург,0.1
54,Москва,Анапа,1.0
55,Пермь,Челябинск,1.5
56,"Аксай, Ростовская область",Гатчина,0.3
57,Старый Оскол,Златоуст,0.2
58,Москва,Некрасовка район,0.5
59,Москва,Казань,0.5
60,Зеленокумск,Москва,0.2
61,Балашов,Щелково,0.9
62,Москва,Звенигород,0.3
63,Семенов,Чита,4.1
64,Москва,Тамбов,1.94
65,Йошкар-Ола,Белгород,1.0
66,Краснодар,Сочи,0.1
67,Петрозаводск,Москва,0.2
68,Москва,Королев,0.5
69,Москва,Жуковский,1.2
70,Москва,Москва,0.1
71,"Аксай, Ростовская область",Магнитогорск,0.3
72,Пермь,Тальменка,0.3
73,Москва,Пятигорск,0.3
74,Санкт-Петербург,Ухта,0.3
75,Великие Луки,"Железнодорожный, Балашиха",1.1
76,Киров,Москва,1.67
77,Москва,Санкт-Петербург,0.1
78,"Аксай, Ростовская область",Воронеж,0.3
79,Семенов,Старый Оскол,4.1
80,Москва,Видное,1.8
81,Москва,Минск,1.9
82,Пермь,Пермь,0.3
83,Витебск,Волгоград,1.0
84,Москва,Лобня,0.7
85,Видное,Долгопрудный,0.5
86,Волгоград,Алматы,4.3
87,Самара,Хотьково,0.2
88,Санкт-Петербург,Сургут,1.0
89,Минск,Арсеньев,2.22
90,Санкт-Петербург,Дзержинский,0.5
91,Геленджик,Санкт-Петербург,1.0
92,Коломна,Москва,0.1
93,Краснотурьинск,Серов,0.5
94,Санкт-Петербург,Сургут,2.0
95,Пермь,Саратов,0.3
96,Балашов,Мурманск,0.9
97,Москва,Бутово,0.5
98,Белгород,Ставрополь,0.5
99,Санкт-Петербург,Москва,0.8
100,Саратов,Белореченск,1.0
101,Селятино,Мытищи,0.4
102,Москва,Москва,5.5
103,Санкт-Петербург,Новороссийск,0.3
104,Санкт-Петербург,Йошкар-Ола,4.0
105,Москва,Чебоксары,0.1
106,Москва,Северодвинск,1.9
107,Екатеринбург,Минск,1.9
108,Йошкар-Ола,Москва,1.0
109,Балашов,Санкт-Петербург,0.8
110,Сочи,Тюмень,0.45
111,Москва,Астрахань,0.9
112,Энгельс,"Базель, Базель-Штадт",0.5
113,Одинцово,Новосибирск,0.5
114,Балашов,Нижний Тагил,0.8
115,Курск,Подольск,4.0
116,Йошкар-Ола,Москва,1.0
117,Саратов,Красногорск,1.0
118,Казань,Москва,3.835
119,Санкт-Петербург,Новороссийск,4.0
120,Москва,"Сиверский, Гатчинский р-н",0.3
121,Омск,Брянск,1.85
122,Москва,Митино,0.3
123,Йошкар-Ола,Набережные Челны,1.0
124,Москва,Серпухов,1.5
125,Москва,Белгород,2.5
126,Белгород,Новороссийск,1.5
127,Киров,Дмитров,1.44
128,Красный Сулин,Абинск,12.0
129,Санкт-Петербург,Тюмень,0.2
130,Санкт-Петербург,Санкт-Петербург,0.3
131,Сочи,Москва,1.2
132,Москва,Воронеж,0.8
133,Москва,Усолье-Сибирское,0.4
134,Санкт-Петербург,Москва,0.3
135,Санкт-Петербург,Москва,1.0
136,Москва,Подольск,0.05
137,Москва,Сочи,0.9
138,Санкт-Петербург,Тюмень,1.6
139,Тула,"Головково, Клинский район",1.75
140,Москва,Ступино,0.5
141,Белгород,Москва,0.5
142,Москва,Балашиха,0.2
143,Волжский,Москва,0.5
144,Санкт-Петербург,Санкт-Петербург,0.3
145,Уфа,Дюртюли,1.0
146,Саратов,Тольятти,1.0
147,Киров,Пермь,3.0
148,Москва,Санкт-Петербург,5.0
149,Селятино,Воронеж,0.4
150,Белгород,Тюмень,0.5
151,Москва,Реутов,0.05
152,Тюмень,Тамбов,0.8
153,Санкт-Петербург,Вятские Поляны,0.6
154,Новосибирск,Москва,0.5
155,Санкт-Петербург,Тула,0.1
156,Дмитров,Ростов-на-Дону,0.5
157,Москва,Севастополь,1.43
158,Обнинск,Орехово-Зуево,0.1
159,Рыбинск,Белгород,0.1
160,Москва,Люберцы,0.3
161,Санкт-Петербург,Воронеж,1.0
162,Старая Купавна,Нижний Новгород,0.5
163,Белгород,Астрахань,1.0
164,Москва,Санкт-Петербург,1.0
165,Санкт-Петербург,Санкт-Петербург,0.3
166,Екатеринбург,Раменское,1.0
167,Москва,Москва,0.5
168,Некрасовка район,Москва,1.0
169,Краснодар,Кемерово,0.2
170,Иркутск,Саратов,3.0
171,Самара,Казань,1.0
172,Санкт-Петербург,Барнаул,0.2
173,Новая Адыгея,Ростов-на-Дону,0.1
174,Москва,Воронеж,0.05
175,Севастополь,Магнитогорск,0.3
176,Москва,Пенза,5.0
177,Шатура,Янино-1,5.0
178,Волгоград,Ростов-на-Дону,2.0
179,Белгород,Губкин,1.5
180,Саратов,Брянск,1.0
181,Пятигорск,Нерюнгри,1.5
182,Москва,Махачкала,1.0
183,Тула,Москва,1.75
184,Москва,Балашиха,0.4
185,Гулькевичи,Куровское,1.2
186,Самара,Ялуторовск,1.0
187,Москва,Пятигорск,0.8
188,Санкт-Петербург,Самара,0.5
189,Армавир,Краснодар,1.85
190,Санкт-Петербург,Калуга ,0.5
191,Сочи,Тюмень,6.5
192,Мытищи,Москва,3.0
193,Астрахань,Москва,0.1
194,Махачкала,Краснодар,2.2
195,Саратов,Омск,1.0
196,Новая Адыгея,Урюпинск,0.1
197,Липецк,Барнаул,2.5
198,Челябинск,Иркутск,0.6
199,Москва,Краснознаменск,1.431
200,Санкт-Петербург,Москва,0.1
201,Белгород,Екатеринбург,0.4
202,Москва,Бугуруслан,1.0
203,Белгород,Москва,1.0
204,Новоалександровск,Щелково,2.5
205,Нахабино,Новосибирск,1.5
206,Набережные Челны,Подольск,1.0
207,Калуга ,Раменское,0.1
208,Пятигорск,Коммунарка,2.94
209,Мытищи,Королев,3.0
210,Саратов,Волгоград,1.0
211,Приморско-Ахтарск,Новосибирск,2.5
212,Бутово,Сочи,1.44
213,Санкт-Петербург,Ростов-на-Дону,0.1
214,Коммунарка,Санкт-Петербург,0.1
215,Москва,Сибай,0.5
216,Приморско-Ахтарск,Санкт-Петербург,0.8
217,Казань,Петрозаводск,1.0
218,Москва,Мурманск,0.5
219,Мытищи,Москва,3.0
220,Екатеринбург,Курган,0.8
221,Набережные Челны,Темрюк,1.0
222,Санкт-Петербург,Санкт-Петербург,0.1
223,Санкт-Петербург,Москва,0.3
224,Калуга ,Казань,0.1
225,Москва,Москва,2.085
226,Пятигорск,Краснодар,1.5
227,Москва,Казань,5.0
228,Муром,Казань,0.1
229,Москва,Стерлитамак,0.795
230,Набережные Челны,Волгоград,1.0
231,Серпухов,Москва,0.5
232,Тольятти,Феодосия,1.0
233,Сертолово,Санкт-Петербург,0.3
234,Санкт-Петербург,Москва,0.1
235,Санкт-Петербург,Санкт-Петербург,0.6
236,Белгород,Старый Оскол,1.5
237,Москва,Коммунарка,0.5
238,Москва,Краснодар,5.0
239,Москва,Ухта,2.34
240,Набережные Челны,Нижний Новгород,1.0
241,Москва,Орск,0.5
242,Москва,Таганрог,0.5
243,Москва,Подольск,0.1
244,Москва,Владимир,1.0
245,Севастополь,Белгород,0.1
246,Москва,Долгопрудный,1.2
247,Ярославль,Карталы,0.1
248,Москва,Воронеж,1.0
249,Набережные Челны,Тюмень,1.0
250,Казань,Саров,0.9
251,Саратов,Череповец,3.2
252,Москва,Москва,2.0
253,Глазов,Пермь,2.0
254,Кострома,Воронеж,5.0
255,Санкт-Петербург,Ногинск,0.5
256,Московский,Липецк,0.1
257,Москва,Санкт-Петербург,12.0
258,Набережные Челны,Ставрополь,1.0
259,Москва,Алушта,0.5
260,Москва,Сочи,6.4
261,Тула,Нальчик,0.1
262,Казань,Москва,0.9
263,Волжский,Ивантеевка,22.0
264,Ростов-на-Дону,Элиста,1.0
265,Ломоносов,Санкт-Петербург,0.1
266,Мытищи,Бутово,3.0
267,Реутов,Мытищи,1.7
268,Москва,Чистополь,1.4
269,Лобня,Саранск,0.28
270,Москва,Екатеринбург,9.66
271,Набережные Челны,Москва,1.7
272,Иваново ,Белая Калитва,0.5
273,Сестрорецк,Россошь,1.0
274,Москва,Москва,0.5
275,Санкт-Петербург,Кемерово,4.5
276,Москва,Липецк,1.0
277,Ивантеевка,Санкт-Петербург,0.3
278,Москва,Десёновское,0.3
279,Казань,Кострома,0.9
280,Киров,Уфа,19.5
281,Москва,Казань,5.0
282,Дубна,Пермь,2.06
283,Краснодар,Челябинск,0.1
284,Мытищи,Москва,3.0
285,Подольск,Симферополь,7.0
286,Набережные Челны,Сургут,1.0
287,Санкт-Петербург,Химки,0.1
288,Москва,Благовещенск,0.8
289,Москва,Королев,0.1
290,Москва,Санкт-Петербург,0.5
291,Санкт-Петербург,Евпатория,0.5
292,Москва,Москва,0.5
293,Санкт-Петербург,Ярославль,0.5
294,Санкт-Петербург,Улан-Удэ,4.5
295,Москва,Губкинский,0.6
296,Москва,Санкт-Петербург,0.5
297,Новосибирск,Химки,0.1
298,Липецк,Москва,2.0
299,Набережные Челны,Южно-Сахалинск,1.8
300,Мытищи,Краснознаменск,3.0
301,Ставрополь,Саратов,0.1
302,Москва,Ростов-на-Дону,0.61
303,Чехов,Москва,0.5
304,Екатеринбург,Тюмень,0.264
305,Москва,Балашиха,1.0
306,Ставрополь,"Суханово, Ленинский гор.округ",3.22
307,Владикавказ,Мончегорск,2.0
308,Краснодар,Анапа,0.5
309,Москва,Нижний Новгород,0.7
310,Москва,Раменское,1.0
311,Москва,Санкт-Петербург,5.0
312,Москва,Челябинск,0.2
313,Липецк,Москва,2.0
314,Пушкино,Москва,0.3
315,Санкт-Петербург,Ельдигино,0.1
316,Реутов,Омск,1.66
317,Москва,Липецк,2.0
318,Реутов,Санкт-Петербург,1.74
319,Сестрорецк,Луга,1.0
320,Санкт-Петербург,Челябинск,0.2
321,Мытищи,Наро-Фоминск,3.0
322,Москва,Альметьевск,3.0
323,Москва,Кириши,0.1
324,Липецк,Бутово,2.0
325,Санкт-Петербург,Когалым,0.5
326,Москва,Санкт-Петербург,0.1
327,Ставрополь,Вологда,0.1
328,Томск,Мурманск,2.0
329,Москва,Селятино,0.5
330,Санкт-Петербург,Санкт-Петербург,0.1
331,Липецк,Мытищи,2.0
332,Москва,"Железногорск, Курск",1.0
333,Мытищи,Омск,3.0
334,Москва,Краснодар,0.5
335,Санкт-Петербург,Москва,0.6
336,Шатура,Екатеринбург,30.0
337,Калининград,Тамбов,20.0
338,Москва,Псков,1.8
339,Чебоксары,Новокубанск,1.2
340,Набережные Челны,"Никольск, Пензенская обл.",30.0
341,Москва,Выборг,0.5
342,Екатеринбург,Нижний Тагил,0.1
343,Москва,Пенза,5.0
344,Пушкино,Москва,0.3
345,Краснодар,Солнечногорск,0.5
346,Москва,Новосибирск,1.72
347,Мытищи,Мытищи,3.0
348,Тольятти,Минск,0.15
349,Петрозаводск,Челябинск,1.0
350,Москва,Геленджик,1.1
351,Долгопрудный,Санкт-Петербург,3.0
352,Липецк,Лысьва,10.0
353,Москва,Раменское,1.0
354,Санкт-Петербург,Тула,1.2
355,Чебоксары,Сургут,1.0
356,Коммунарка,Самара,2.0
357,Ставрополь,Домодедово,0.1
358,Тверь,Старый Оскол,0.68
359,Мытищи,Санкт-Петербург,3.0
360,Краснодар,Челябинск,1.48
361,Москва,Санкт-Петербург,8.0
362,Москва,Ижевск,0.1
363,Санкт-Петербург,Королев,1.0
364,Москва,Красноярск,5.0
365,Чебоксары,Салават,1.0
366,Москва,Ульяновск,0.5
367,Москва,Руза,5.32
368,Москва,Мытищи,0.65
369,Мытищи,Мытищи,3.0
370,Ростов-на-Дону,Череповец,3.0
371,Санкт-Петербург,Нововоронеж,0.5
372,Чебоксары,Саратов,1.5
373,Ставрополь,Москва,0.1
374,Краснодар,Новомосковск,0.5
375,Москва,Санкт-Петербург,0.5
376,Мытищи,Санкт-Петербург,3.0
377,Москва,Сходня,0.1
378,Кудрово,Сергиев Посад,0.3
379,Санкт-Петербург,Воронеж,0.5
380,Казань,Снежногорск,0.1
381,Бутово,Ростов-на-Дону,0.5
382,Чебоксары,Уфа,1.0
383,Санкт-Петербург,Москва,2.0
384,Москва,Тула,0.4
385,Москва,Армавир,0.2
386,Москва,Ростов-на-Дону,1.32
387,Санкт-Петербург,Санкт-Петербург,0.1
388,Пермь,Санкт-Петербург,0.2
389,Москва,Сызрань,5.0
390,Санкт-Петербург,Москва,0.5
391,Сургут,Ноябрьск,0.1
392,Чебоксары,Ялта,0.32
393,Москва,Черкесск,0.1
394,Орел,"Железнодорожный, Балашиха",1.0
395,Москва,Москва,0.5
396,Бутово,Сочи,0.5
397,Чебоксары,Лебедянь,0.94
398,Москва,Воронеж,0.5
399,Москва,Дзержинский,0.5
400,Москва,Краснодар,0.5
401,Москва,Чайковский,0.5
402,Москва,Ростов-на-Дону,0.5
403,Москва,Псков,0.5
404,Москва,Ростов-на-Дону,0.5
405,Москва,Санкт-Петербург,0.5
406,Москва,Воронеж,0.5
407,Москва,Мичуринск,0.5
408,Реутов,Москва,0.1
409,Санкт-Петербург,Ижевск,0.5
410,Казань,Екатеринбург,0.1
411,Москва,Новокузнецк,0.5
412,Москва,Батайск,1.38
413,Москва,Самара,2.0
414,Москва,Мытищи,2.1
415,Пушкино,Москва,0.3
416,Чебоксары,Анапа,2.84
417,Санкт-Петербург,Нижний Новгород,0.1
418,Ярцево,Санкт-Петербург,0.5
419,Мытищи,Москва,3.42
420,Москва,Изобильный,5.0
421,Москва,Москва,0.5
422,Санкт-Петербург,Санкт-Петербург,1.0
423,Санкт-Петербург,Чайковский,1.0
424,Арзамас,Озерск,0.1
425,Санкт-Петербург,Геленджик,0.5
426,Санкт-Петербург,Москва,0.1
427,Санкт-Петербург,Пушкин,0.2
428,Североуральск,Ленинградская,2.45
429,Ростов-на-Дону,Пенза,0.1
430,Москва,Москва,0.1
431,Ставрополь,Краснодар,0.1
432,Санкт-Петербург,Санкт-Петербург,0.1
433,Сергиев Посад,Ивантеевка,2.0
434,Москва,Москва,0.4
435,Волжский,Челябинск,0.5
436,Москва,Армавир,0.45
437,Казань,Москва,0.1
438,Нижний Новгород,Волгоград,23.46
439,Ивантеевка,"Кучино, Балашиха",1.5
440,Ижевск,Тамбов,0.7
441,Москва,Дубна,1.0
442,Москва,Красное Село,0.45
443,Минск,Ярославль,0.6
444,Новотитаровская,Москва,3.0
445,Пушкин,Казань,0.05
446,Ижевск,Тамбов,0.7
447,Пушкино,Солнечногорск,0.3
448,Санкт-Петербург,Мурманск,2.1
449,Москва,Самара,1.9
450,Москва,Зеленоград,0.3
451,Москва,Махачкала,2.0
452,Ижевск,Йошкар-Ола,0.7
453,Санкт-Петербург,Санкт-Петербург,0.8
454,Ижевск,Ярославль,0.7
455,Москва,Нижний Новгород,0.08
456,Бутово,Воронеж,0.3
457,Дмитров,Зеленоград,0.5
458,Москва,Солнечногорск,2.0
459,Москва,Горелово,0.5
460,Москва,Анапа,1.0
461,Ижевск,Саранск,0.7
462,Тюмень,Самара,0.5
463,Ковров,Пушкино,0.5
464,Волжский,Набережные Челны,8.92
465,Москва,Санкт-Петербург,0.49
466,Москва,Севастополь,50.0
467,Арзамас,Москва,0.1
468,Москва,Лобня,3.64
469,"Железнодорожный, Балашиха",Минск,17.54
470,Серпухов,Павловская слобода,0.62
471,Москва,Анапа,1.0
472,Москва,Щербинка,0.3
473,Москва,Самара,4.6
474,Москва,Краснодар,0.7
475,Санкт-Петербург,Москва,0.1
476,Пушкино,Крыловская,0.3
477,Москва,Канск,0.5
478,Самара,Сочи,0.5
479,Владивосток,Находка,0.5
480,Тюмень,Самара,0.7
481,Тюмень,Челябинск,0.75
482,Москва,Санкт-Петербург,5.0
483,Ижевск,Волгоград,0.7
484,Подольск,Изобильный,2.0
485,Москва,Севастополь,50.0
486,Москва,Ухта,0.4
487,Саратов,Анапа,17.0
488,Краснодар,Екатеринбург,2.5
489,Армавир,Обнинск,3.7
490,Санкт-Петербург,Москва,5.0
491,Москва,Сергиев Посад,0.1
492,Санкт-Петербург,Нальчик,1.0
493,Ивантеевка,Санкт-Петербург,0.8
494,Санкт-Петербург,Курск,0.2
495,Волжский,Камышин,5.0
496,Пушкино,Оренбург,0.3
497,Санкт-Петербург,"Пинск, Брестская обл.",5.0
498,Ижевск,Самара,0.7
499,Санкт-Петербург,Одинцово,2.0
500,Москва,Казань,3.0
501,Москва,Воронеж,0.5
502,Владикавказ,Ставрополь,0.35
503,Пятигорск,Оренбург,6.0
504,Санкт-Петербург,Коммунарка,1.0
505,Подольск,Химки,2.0
506,Санкт-Петербург,Кострома,1.6
507,Москва,Москва,1.46
508,Москва,Санкт-Петербург,0.1
509,Коммунарка,Балашиха,4.3
510,Дзержинский,Красноярск,2.0
511,Санкт-Петербург,Ростов-на-Дону,0.1
512,Кириши,Санкт-Петербург,2.0
513,Коммунарка,Михайловск,4.85
514,Санкт-Петербург,Троицк,1.0
515,Москва,Стрежевой,0.3
516,Коммунарка,Севастополь,0.5
517,Москва,Воронеж,0.2
518,Новороссийск,Нижний Новгород,1.0
519,Муром,Евпатория,0.4
520,Москва,Тольятти,2.0
521,Санкт-Петербург,Иркутск,0.5
522,Челябинск,Хабаровск,2.0
523,Махачкала,Пыть-Ях,1.0
524,Минск,Каневская,0.12
525,Дзержинский,Нижний Новгород,2.0
526,Краснодар,Москва,0.5
527,Санкт-Петербург,Парголово,0.5
528,Волжский,Москва,1.0
529,Дзержинский,Луховицы,2.0
530,Москва,Саранск,0.5
531,Ижевск,Кстово,0.7
532,Подольск,Санкт-Петербург,6.0
533,Санкт-Петербург,Назрань,0.1
534,Дзержинский,Электросталь,2.0
535,Волгоград,Арзамас,0.2
536,Санкт-Петербург,Королев,2.3
537,Пушкино,Бишкек,0.3
538,Обнинск,Москва,1.0
539,Москва,Архангельск,0.5
540,Дзержинский,Екатеринбург,2.0
541,Москва,Москва,0.1
542,Москва,Москва,1.0
543,Киров,Одинцово,0.7
544,Новосибирск,Москва,1.0
545,Москва,Москва,0.3
546,Ижевск,Смоленск,0.7
547,Нерюнгри,Нижневартовск,1.2
548,Санкт-Петербург,Санкт-Петербург,0.2
549,Муром,Бахчисарай,2.2
550,Москва,Севастополь,7.5
551,Краснодар,Апрелевка,50.0
552,Дзержинский,"Цемдолина, гор. окр Новороссийск",2.0
553,Москва,Волгоград,1.26
554,Москва,Санкт-Петербург,4.14
555,Тула,Зарайск,28.0
556,Дзержинский,Белебей,2.0
557,Мытищи,Нижнекамск,0.14
558,Москва,Пушкин,0.5
559,"Аксай, Ростовская область",Мурманск,0.8
560,Барнаул,Москва,1.1
561,Нижний Новгород,Санкт-Петербург,0.1
562,Ижевск,Киров,0.7
563,Москва,Пенза,1.32
564,Краснодар,Апрелевка,50.0
565,Дзержинский,Пущино,2.0
566,Всеволожск,Казань,0.02
567,Красногорск,Махачкала,1.0
568,Калуга ,Ивантеевка,0.8
569,Киров,Старая Русса,0.7
570,Москва,Тихвин,0.1
571,Ивантеевка,Калуга ,0.5
572,Санкт-Петербург,Санкт-Петербург,0.1
573,Дзержинский,Красноярск,2.0
574,"Аксай, Ростовская область",Волжский,0.4
575,Санкт-Петербург,Петрозаводск,0.5
576,Дзержинский,Липецк,2.0
577,Саратов,Волгоград,4.0
578,Москва,Нижний Новгород,0.5
579,Дзержинский,Лазаревское,2.0
580,Севастополь,Минск,1.0
581,Дзержинский,Уфа,2.0
582,Санкт-Петербург,Санкт-Петербург,0.2
583,Москва,Нижний Новгород,0.5
584,Бронницы,Омск,0.3
585,Дзержинский,Новороссийск,2.0
586,Санкт-Петербург,Чудово,0.1
587,Волжский,Артемовский,23.0
588,Санкт-Петербург,Ярославль,1.0
589,Пушкино,Пенза,0.3
590,Волгоград,Тула,0.5
591,Москва,Новосибирск,1.0
592,Дзержинский,Серпухов,2.0
593,Екатеринбург,Санкт-Петербург,1.0
594,Колпино,Владимир,2.0
595,Санкт-Петербург,Тюмень,0.5
596,Дзержинский,Екатеринбург,2.0
597,Москва,Екатеринбург,0.1
598,Ростов-на-Дону,Ставрополь,0.1
599,Москва,Москва,1.0
600,Зеленоград,Орел,1.8
601,Санкт-Петербург,Красное Село,0.1
602,Москва,Тверь,1.52
603,Москва,Анапа,0.5
604,Москва,Рыбинск,5.62
605,Москва,Лобня,4.52
606,Санкт-Петербург,Москва,1.0
607,Москва,Чистополь,2.58
608,Москва,Томилино,8.4
609,Дзержинский,Пермь,2.0
610,Тольятти,Оренбург,12.5
611,Москва,Нижний Новгород,0.1
612,Москва,Севастополь,2.88
613,Зеленокумск,Мисайлово,0.2
614,Челябинск,Тюмень,1.0
615,Москва,Ярославль,0.5
616,Дзержинский,Волгоград,2.0
617,Тосно,Пятигорск,3.0
618,Самара,Ростов-на-Дону,1.0
619,Пушкино,Саратов,0.3
620,Тверь,Черноголовка,0.5
621,Ростов-на-Дону,Москва,0.1
622,Санкт-Петербург,Белореченск,1.2
623,Дзержинский,Новокузнецк,2.0
624,Красногорск,Южно-Сахалинск,0.5
625,Санкт-Петербург,Казань,0.1
626,Санкт-Петербург,Санкт-Петербург,0.9
627,Дзержинский,Минеральные Воды,2.0
628,Москва,Красноярск,1.9
629,Ростов-на-Дону,Уфа,0.1
630,Москва,Минск,0.3
631,Минск,Тюмень,0.9
632,Астрахань,Омск,0.1
633,Волжский,Видное,1.0
634,Москва,Пушкино,0.1
635,Люберцы,Челябинск,0.7
636,Смоленск,Минск,5.7
637,Москва,Вологда,1.6
638,Минск,Тамань,2.5
639,Москва,Рязань,0.5
640,Москва,Курган,0.1
641,Ногинск,Абакан,50.0
642,Красногорск,Нижневартовск,0.5
643,Минск,Чита,0.7
644,Санкт-Петербург,Химки,0.1
645,Ростов-на-Дону,Брянск,0.1
646,Пушкин,Москва,15.0
647,Москва,Москва,0.2
648,Санкт-Петербург,Санкт-Петербург,0.5
649,Санкт-Петербург,Москва,0.5
650,Нижний Новгород,Москва,3.0
651,Анапа,Рубцовск,0.6
652,Москва,Екатеринбург,3.64
653,Нижний Новгород,Самара,1.0
654,Домодедово,Астрахань,0.3
655,Санкт-Петербург,Сергиев Посад,0.5
656,Москва,Симферополь,0.6
657,Дзержинский,Саров,2.0
658,Красногорск,Саратов,0.5
659,Краснодар,Липецк,1.0
660,Москва,Смоленск,1.0
661,Дзержинский,Славянск-на-Кубани,2.0
662,Санкт-Петербург,Домодедово,0.1
663,Видное,Иваново ,0.5
664,Пушкино,Москва,0.3
665,Красногорск,Рязань,0.5
666,Дзержинский,Омск,2.0
667,Челябинск,Ясный,1.7
668,Йошкар-Ола,Набережные Челны,0.3
669,Великие Луки,Нижний Новгород,1.3
670,Минск,Москва,11.08
671,Дзержинский,Пенза,2.0
672,Санкт-Петербург,Томск,0.2
673,Анапа,Сочи,3.0
674,Пушкино,Москва,0.3
675,Дзержинский,Нижний Новгород,2.0
676,Москва,Кандалакша,0.095
677,Москва,Починки,1.0
678,Домодедово,Казань,0.3
679,Москва,Тамбов,0.12
680,Чебоксары,Москва,0.3
681,Санкт-Петербург,Санкт-Петербург,0.1
682,Красногорск,Бердск,0.5
683,Дзержинский,Красноярск,2.0
684,"Солнцево, р-н",Санкт-Петербург,13.5
685,Нижний Новгород,Санкт-Петербург,3.0
686,Красногорск,Москва,0.5
687,Домодедово,Ульяновск,3.0
688,Подольск,Пушкино,0.2
689,Дзержинский,Энгельс,3.0
690,Москва,Москва,3.78
691,"Солнцево, р-н",Смоленск,0.5
692,Москва,Москва,1.0
693,Самара,Мытищи,10.0
694,Дзержинский,Тамбов,2.0
695,Симферополь,Махачкала,0.5
696,Самара,Мытищи,10.0
697,Дзержинский,Пятигорск,2.0
698,Красногорск,Ижевск,0.5
699,Серпухов,Самара,0.5
700,Москва,Верх-Тула,1.235
701,Москва,Мурино,1.0
702,Москва,Нижний Новгород,0.3
703,Дзержинский,Кисловодск,2.0
704,Челябинск,Арзамас,0.75
705,Дзержинский,Нальчик,2.0
706,Красногорск,Нижний Новгород,0.5
707,Москва,Липецк,1.02
708,Санкт-Петербург,Севастополь,1.0
709,Пушкино,Москва,0.3
710,Подольск,Брянск,1.0
711,Москва,Новоуральск,1.0
712,Москва,Хабаровск,0.5
713,Красногорск,Комсомольск-на-Амуре,0.5
714,Санкт-Петербург,Видное,1.02
715,Москва,Набережные Челны,3.7
716,Санкт-Петербург,Москва,0.5
717,Подольск,Константиновск,1.0
718,Пушкино,Москва,0.3
719,Казань,Нефтекамск,2.5
720,Москва,Краснодар,1.0
721,Дзержинский,Нефтекамск,2.0
722,Москва,Воронеж,0.2
723,Москва,Металлострой,1.72
724,Москва,Ульяновск,1.5
725,Нижний Новгород,Москва,1.0
726,Подольск,Пермь,3.0
727,Тосно,"Тимашевск, Тимашевский р-н",1.0
728,Волгоград,Ульяновск,0.5
729,Санкт-Петербург,Майкоп,15.4
730,Липецк,Новосибирск,1.0
731,Дзержинский,Сергиев Посад,2.0
732,Екатеринбург,Челябинск,7.0
733,Москва,Симферополь,0.8
734,Санкт-Петербург,Уфа,1.1
735,Санкт-Петербург,Армавир,9.2
736,Москва,"Мозырь, Гомельская обл.",2.14
737,Санкт-Петербург,Саранск,0.5
738,Красноярск,Тольятти,2.0
739,Москва,Санкт-Петербург,0.1
740,Волгоград,Чита,2.0
741,Бутово,Санкт-Петербург,0.13
742,Пушкино,Москва,0.3
743,Ульяновск,Голицыно,0.5
744,Санкт-Петербург,Североморск,16.0
745,Чебоксары,Москва,0.3
746,Благовещенск,Благовещенск,1.0
747,Москва,Азов,1.0
748,Москва,Орел,1.0
749,Ханты-Мансийск,Ханты-Мансийск,1.0
750,Москва,Геленджик,1.0
751,Москва,Астрахань,1.0
752,Москва,Калуга ,1.0
753,Новосибирск,Новосибирск,0.76
754,Москва,Курск,1.0
755,Южно-Сахалинск,Южно-Сахалинск,1.0
756,Нижний Новгород,Нижний Новгород,1.0
757,Москва,Шахты,1.0
758,Чита,Чита,1.0
759,Новосибирск,Новосибирск,1.0
760,Улан-Удэ,Улан-Удэ,1.0
761,Сочи,Сочи,1.0
762,Нижний Новгород,Нижний Новгород,1.0
763,Воронеж,Нововоронеж,1.0
764,Воронеж,"Семилуки, Семилукский р-н",1.0
765,Омск,Омск,1.0
766,Москва,Тула,1.0
767,Екатеринбург,Екатеринбург,1.0
768,Новосибирск,Новосибирск,1.7
769,Москва,Курск,1.0
770,Новосибирск,Юрга,1.0
771,Москва,Армавир,1.0
772,Москва,Батайск,1.0
773,Москва,Новочеркасск,1.0
774,Москва,"Аксай, Ростовская область",1.0
775,Нижний Новгород,Нижний Новгород,1.0
776,Нарьян-Мар,Нарьян-Мар,1.0
777,Новый Уренгой,Новый Уренгой,1.0
778,Екатеринбург,Екатеринбург,1.0
779,Нижний Новгород,Нижний Новгород,1.0
780,Екатеринбург,Верхняя Салда,1.0
781,Екатеринбург,Екатеринбург,1.0
782,Екатеринбург,Екатеринбург,1.0
783,Екатеринбург,Екатеринбург,1.0
784,Москва,Лангепас,1.0
785,Ульяновск,Ульяновск,1.0
786,Москва,Клинцы,1.0
787,Москва,Кингисепп,1.0
788,Москва,Батайск,1.0
789,Москва,Астрахань,1.0
790,Москва,Курск,1.0
791,Москва,Калуга ,1.0
792,Москва,Лабинск,1.0
793,Москва,Курган,1.0
794,Москва,Астрахань,1.0
795,Москва,Астрахань,1.0
796,Москва,Липецк,2.0
797,Москва,Тверь,1.0
798,Москва,Астрахань,1.0
799,Москва,Череповец,1.0
800,Москва,Таганрог,1.0
801,Москва,Курган,1.0
802,Улан-Удэ,Улан-Удэ,1.0
803,Ханты-Мансийск,Ханты-Мансийск,1.0
804,Тюмень,Тюмень,1.0
805,Москва,Липецк,1.0
806,Калининград,Калининград,1.0
807,Ростов-на-Дону,Целина,1.0
808,Ростов-на-Дону,Ростов-на-Дону,1.0
809,Сочи,Курганинск,1.0
810,Воронеж,"Семилуки, Семилукский р-н",1.0
811,Москва,Батайск,1.0
812,Москва,Азов,1.0
813,Москва,Астрахань,1.0
814,Москва,Курск,1.0
815,Ростов-на-Дону,Ростов-на-Дону,1.0
816,Москва,Рязань,1.0
817,Воронеж,Воронеж,1.0
818,Калининград,Калининград,1.07
819,Уфа,Туймазы,1.0
820,Уфа,Уфа,1.0
821,Новосибирск,Новосибирск,1.0
822,Воронеж,Воронеж,1.0
823,Тамбов,Кирсанов,0.6
824,Москва,Астрахань,1.0
825,Москва,Брянск,1.0
826,Ижевск,Ижевск,1.0
827,Сургут,Нефтеюганск,1.0
828,Ростов-на-Дону,Ленинаван,1.0
829,Москва,Астрахань,1.0
830,Москва,Таганрог,1.0
831,Москва,Саратов,1.0
832,Москва,Сыктывкар,1.0
833,Москва,Иваново ,1.0
834,Москва,Рязань,1.0
835,Москва,Брянск,1.0
836,Уфа,Уфа,1.0
837,Москва,Астрахань,1.0
838,Москва,Брянск,1.0
839,Екатеринбург,Екатеринбург,1.0
840,Москва,Астрахань,1.0
841,Москва,Азов,1.0
842,Воронеж,Воронеж,1.0
843,Москва,Брянск,1.0
844,Благовещенск,Благовещенск,1.0
845,Москва,Тула,1.0
846,Воронеж,Воронеж,1.0
847,Ижевск,Ижевск,1.0
848,Воронеж,Воронеж,1.0
849,Новосибирск,Новосибирск,1.0
850,Ульяновск,Ульяновск,1.0
851,Уфа,Уфа,1.0
852,Москва,Курган,1.0
853,Воронеж,Воронеж,1.0
854,Воронеж,Воронеж,1.0
855,Воронеж,"Семилуки, Семилукский р-н",0.6
856,Ханты-Мансийск,Ханты-Мансийск,1.0
857,Воронеж,Воронеж,1.0
858,Благовещенск,Благовещенск,1.0
859,Ижевск,Ижевск,1.0
860,Благовещенск,Белогорск,1.0
861,Уфа,Уфа,1.0
862,Москва,Череповец,1.0
863,Воронеж,Воронеж,1.0
864,Воронеж,Воронеж,1.0
865,Москва,Елец,0.35
866,Москва,Владимир,1.0
867,Ижевск,Ижевск,1.0
868,Омск,Омск,1.0
869,Нижний Новгород,Нижний Новгород,1.0
870,Калининград,Калининград,1.0
871,Калининград,Калининград,1.0
872,Москва,Первоуральск,1.0
873,Москва,Владимир,1.0
874,Москва,Первоуральск,1.0
875,Пятигорск,Баксан,1.0
876,Челябинск,Коркино,1.0
877,Пятигорск,Чегем,2.0
878,Москва,Воркута,1.0
879,Петропавловск-Камчатский,Елизово,1.0
880,Краснодар,Крымск,1.0
881,Хабаровск,Хабаровск,0.93
882,Саратов,Саратов,1.0
883,Пятигорск,Чегем,1.0
884,Москва,Кольчугино,1.0
885,Пятигорск,Чегем,1.0
886,Нижний Новгород,Дивеево,1.0
887,Пятигорск,Баксан,1.0
888,Челябинск,Коркино,1.0
889,Челябинск,Коркино,1.0
890,Пятигорск,Незлобная,2.0
891,Пятигорск,Баксан,1.0
892,Саратов,Саратов,1.0
893,Ростов-на-Дону,Сальск,1.0
894,Челябинск,Озерск,1.0
895,Саратов,Саратов,1.0
896,Краснодар,Ейск,1.0
897,Нижний Новгород,Нижний Новгород,1.0
898,Ижевск,Ижевск,1.0
899,Новосибирск,Усть-Абакан,1.0
900,Нижний Новгород,Нижний Новгород,1.0
901,Москва,Калуга ,1.0
902,Москва,Сыктывкар,1.0
903,Саратов,Саратов,1.0
904,Благовещенск,Благовещенск,1.0
905,Екатеринбург,Екатеринбург,1.0
906,Самара,Самара,1.0
907,Екатеринбург,Екатеринбург,1.0
908,Екатеринбург,Екатеринбург,1.0
909,Челябинск,Коркино,1.0
910,Нижний Новгород,Сергач,1.0
911,Екатеринбург,Екатеринбург,1.0
912,Благовещенск,Благовещенск,1.0
913,Саратов,Саратов,1.0
914,Екатеринбург,Ивдель,1.0
915,Новосибирск,Новосибирск,1.0
916,Москва,Муром,1.0
917,Москва,Воркута,1.0
918,Москва,Астрахань,1.0
919,Москва,"Аксай, Ростовская область",1.0
920,Новосибирск,Новосибирск,1.0
921,Новосибирск,Новосибирск,1.0
922,Екатеринбург,Серов,1.0
923,Новосибирск,Новосибирск,1.0
924,Хабаровск,Хабаровск,1.0
925,Екатеринбург,Серов,1.0
926,Новосибирск,Новосибирск,1.0
927,Москва,Геленджик,1.0
928,Москва,Курган,1.0
929,Новосибирск,Новосибирск,1.0
930,Воронеж,Воронеж,1.0
931,Новосибирск,Новосибирск,1.0
932,Москва,Курган,1.0
933,Москва,Сыктывкар,1.0
934,Москва,Ярославль,1.0
935,Москва,Кувандык,1.0
936,Москва,Лангепас,1.0
937,Москва,Понтонный,1.0
938,Новосибирск,Ленинск-Кузнецкий,1.0
939,Москва,Александров,1.0
940,Москва,Десногорск,1.0
941,Москва,Кунгур,1.0
942,Благовещенск,Белогорск,2.0
943,Москва,Ярославль,2.2
944,Челябинск,Коркино,1.0
945,Москва,Оренбург,1.0
946,Новосибирск,Саяногорск,1.0
947,Москва,Оренбург,2.0
948,Москва,Стрежевой,1.0
949,Москва,Оренбург,1.0
950,Москва,Оренбург,1.0
951,Москва,Гусь-Хрустальный,1.0
952,Москва,Оренбург,1.0
953,Москва,Лангепас,1.0
954,Москва,Оренбург,1.0
955,Москва,Оренбург,1.0
956,Москва,Оренбург,1.0
957,Москва,Оренбург,3.0
958,Москва,Оренбург,1.0
959,Москва,Оренбург,1.0
960,Москва,Шадринск,1.0
961,Москва,Оренбург,1.0
962,Москва,Оренбург,1.0
963,Москва,Оренбург,1.0
964,Москва,Оренбург,1.0
965,Москва,Оренбург,1.0
966,Москва,Стрежевой,1.0
967,Москва,Шадринск,1.0
968,Москва,Оренбург,1.0
969,Москва,Оренбург,1.0
970,Москва,Оренбург,1.0
971,Москва,Оренбург,1.0
972,Москва,Оренбург,1.0
973,Москва,Оренбург,1.0
974,Москва,Оренбург,1.0
975,Москва,Оренбург,1.0
976,Москва,Оренбург,1.0
977,Москва,Александров,1.0
978,Москва,Рязань,1.0
979,Москва,Оренбург,1.0
980,Москва,Оренбург,1.0
981,Москва,Оренбург,1.0
982,Москва,Оренбург,1.0
983,Москва,Оренбург,1.0
984,Москва,Оренбург,1.0
985,Москва,Оренбург,1.0
986,Москва,Лангепас,1.0
987,Москва,Оренбург,1.0
988,Москва,Лангепас,1.0
989,Москва,Оренбург,1.0
990,Воронеж,Воронеж,1.0
991,Москва,Оренбург,2.0
992,Воронеж,Воронеж,1.0
993,Москва,Лесной,1.0
994,Тольятти,Тольятти,1.0
995,Тольятти,Тольятти,1.0
996,Москва,Оренбург,1.0
997,Москва,Чайковский,1.0
998,Тольятти,Тольятти,1.0
999,Тольятти,Тольятти,1.0
1000,Пятигорск,Исламей,1.0
1001,Тольятти,Тольятти,1.0
1002,Тольятти,Тольятти,1.0
1003,Тольятти,Тольятти,1.0
1004,Тольятти,Тольятти,1.0
1005,Тольятти,Тольятти,1.0
1006,Благовещенск,Благовещенск,1.0
1007,Тольятти,Тольятти,1.0
1008,Тольятти,Тольятти,1.0
1009,Тольятти,Тольятти,1.0
1010,Тольятти,Тольятти,1.0
1011,Тольятти,Тольятти,1.0
1012,Москва,Курган,1.0
1013,Тольятти,Тольятти,1.0
1014,Тольятти,Тольятти,1.0
1015,Тольятти,Тольятти,1.0
1016,Тольятти,Тольятти,1.0
1017,Тольятти,Тольятти,1.0
1018,Тольятти,Тольятти,2.0
1019,Тольятти,Тольятти,1.0
1020,Тольятти,Тольятти,1.0
1021,Тольятти,Тольятти,1.0
1022,Тольятти,Тольятти,1.0
1023,Тольятти,Тольятти,1.0
1024,Тольятти,Тольятти,1.0
1025,Тольятти,Тольятти,2.0
1026,Тольятти,Тольятти,1.0
1027,Тольятти,Тольятти,1.0
1028,Тольятти,Тольятти,1.0
1029,Тюмень,Тюмень,1.0
1030,Тольятти,Тольятти,1.0
1031,Новосибирск,Новосибирск,1.0
1032,Тольятти,Тольятти,1.0
1033,Улан-Удэ,Улан-Удэ,1.0
1034,Тольятти,Тольятти,1.0
1035,Улан-Удэ,Улан-Удэ,1.0
1036,Омск,Омск,1.0
1037,Москва,Липецк,1.0
1038,Москва,Рязань,1.0
1039,Казань,Казань,1.0
1040,Москва,Владимир,1.0
1041,Тольятти,Тольятти,1.0
1042,Новосибирск,Саяногорск,1.0
1043,Москва,Ярославль,1.0
1044,Москва,Брянск,1.0
1045,Омск,Омск,1.0
1046,Москва,Рязань,1.0
1047,Омск,Омск,1.0
1048,Красноярск,Зеленогорск,1.0
1049,Москва,Балашов,1.0
1050,Новосибирск,Новосибирск,1.0
1051,Иркутск,Иркутск,1.0
1052,Красноярск,Зеленогорск,1.0
1053,Тольятти,Тольятти,1.0
1054,Омск,Омск,1.0
1055,Красноярск,Шарыпово,1.0
1056,Москва,Череповец,1.0
1057,Красноярск,Шарыпово,1.0
1058,Омск,Омск,1.0
1059,Омск,Омск,1.0
1060,Москва,"Киров, Кировский р-н",1.0
1061,Омск,Омск,1.0
1062,Омск,Омск,1.0
1063,Омск,Омск,1.0
1064,Омск,Омск,1.0
1065,Омск,Омск,1.0
1066,Омск,Омск,1.0
1067,Омск,Омск,1.0
1068,Тюмень,"Московский, Тюменский р-н",1.0
1069,Омск,Омск,1.0
1070,Омск,Омск,1.0
1071,Омск,Омск,1.0
1072,Омск,Омск,1.0
1073,Омск,Омск,1.0
1074,Тольятти,Тольятти,1.0
1075,Красноярск,Канск,1.0
1076,Омск,Кормиловка,2.0
1077,Москва,Долинск,1.0
1078,Омск,Омск,1.0
1079,Омск,Омск,1.0
1080,Омск,Омск,1.0
1081,Самара,Самара,1.0
1082,Воронеж,Воронеж,1.0
1083,Самара,Самара,1.0
1084,Южно-Сахалинск,Южно-Сахалинск,1.0
1085,Чита,Чита,1.0
1086,Омск,Омск,1.0
1087,Самара,Самара,1.0
1088,Омск,Омск,1.0
1089,Ульяновск,Ульяновск,1.0
1090,Самара,Самара,1.0
1091,Тольятти,Тольятти,1.0
1092,Самара,Самара,1.0
1093,Екатеринбург,Екатеринбург,1.0
1094,Самара,Самара,1.0
1095,Самара,Самара,1.0
1096,Самара,Самара,1.0
1097,Ульяновск,Ульяновск,1.0
1098,Самара,Самара,1.0
1099,Самара,Самара,1.0
1100,Самара,Самара,1.0
1101,Самара,Самара,1.0
1102,Самара,Самара,1.0
1103,Самара,Самара,1.0
1104,Воронеж,Воронеж,1.0
1105,Самара,Стройкерамика,1.0
1106,Самара,Самара,1.0
1107,Пятигорск,Чегем,1.0
1108,Омск,Омск,1.0
1109,Самара,Самара,1.0
1110,Самара,Самара,1.0
1111,Самара,Самара,1.0
1112,Самара,Самара,1.0
1113,Самара,Самара,1.0
1114,Самара,Самара,1.0
1115,Самара,Самара,1.0
1116,Самара,Самара,1.0
1117,Самара,Самара,1.0
1118,Самара,Самара,1.0
1119,Самара,Самара,1.0
1120,Самара,Самара,1.0
1121,Самара,Новокуйбышевск,1.0
1122,Самара,Самара,1.0
1123,Самара,Самара,1.0
1124,Самара,Самара,1.0
1125,Самара,Самара,0.25
1126,Самара,Самара,1.0
1127,Самара,Самара,1.0
1128,Самара,Самара,1.0
1129,Самара,Самара,1.0
1130,Самара,Самара,1.0
1131,Самара,Самара,1.0
1132,Самара,Самара,1.0
1133,Самара,Самара,1.0
1134,Самара,Самара,1.0
1135,Самара,Самара,1.0
1136,Самара,Самара,2.0
1137,Самара,Новокуйбышевск,1.0
1138,Самара,Самара,1.0
1139,Самара,Самара,1.0
1140,Самара,Самара,1.0
1141,Казань,Казань,1.0
1142,Самара,Самара,2.0
1143,Самара,Самара,1.0
1144,Тюмень,Тюмень,1.0
1145,Самара,Самара,2.0
1146,Казань,Казань,1.0
1147,Казань,Казань,1.0
1148,Самара,Кинель,1.0
1149,Самара,Кинель,1.0
1150,Казань,Казань,1.0
1151,Омск,Омск,0.78
1152,Казань,Казань,1.0
1153,Калининград,Калининград,1.0
1154,Улан-Удэ,Улан-Удэ,1.0
1155,Улан-Удэ,Улан-Удэ,1.0
1156,Саратов,Саратов,1.0
1157,Екатеринбург,Екатеринбург,1.0
1158,Москва,Брянск,1.0
1159,Благовещенск,Благовещенск,1.0
1160,Москва,Астрахань,1.0
1161,Екатеринбург,Волчанск,1.0
1162,Екатеринбург,Екатеринбург,1.0
1163,Москва,Новочеркасск,1.0
1164,Самара,Самара,1.0
1165,Москва,Астрахань,1.0
1166,Москва,Тула,1.0
1167,Саратов,Саратов,1.0
1168,Казань,Чистополь,1.0
1169,Москва,Астрахань,1.0
1170,Москва,Брянск,1.0
1171,Новокузнецк,Новокузнецк,1.0
1172,Екатеринбург,Екатеринбург,1.0
1173,Самара,Бузулук,1.0
1174,Москва,Тверь,1.0
1175,Самара,Самара,1.0
1176,Уссурийск,Уссурийск,0.72
1177,Москва,Курск,1.0
1178,Ростов-на-Дону,Ростов-на-Дону,1.0
1179,Москва,Владимир,1.0
1180,Москва,Балашов,1.0
1181,Нижний Новгород,Нижний Новгород,1.0
1182,Калининград,Калининград,1.0
1183,Москва,Астрахань,1.0
1184,Калининград,Калининград,1.0
1185,Калининград,Калининград,1.0
1186,Нижний Новгород,Нижний Новгород,1.0
1187,Улан-Удэ,Улан-Удэ,1.0
1188,Ростов-на-Дону,"Миллерово, Миллеровский р-н",1.0
1189,Ростов-на-Дону,Ростов-на-Дону,1.0
1190,Благовещенск,Благовещенск,1.0
1191,Ростов-на-Дону,Ростов-на-Дону,1.0
1192,Челябинск,Озерск,1.0
1193,Челябинск,Озерск,1.0
1194,Ростов-на-Дону,Ростов-на-Дону,1.0
1195,Ростов-на-Дону,Ростов-на-Дону,1.0
1196,Ростов-на-Дону,Ростов-на-Дону,1.0
1197,Самара,Самара,1.0
1198,Москва,Клинцы,1.0
1199,Уфа,"Октябрьский, Башкортостан респ.",1.0
1200,Москва,"Киров, Кировский р-н",1.0
1201,Якутск,Якутск,1.0
1202,Москва,Балашов,1.0
1203,Якутск,Якутск,1.0
1204,Краснодар,Кореновск,1.0
1205,Якутск,Якутск,1.0
1206,Якутск,Якутск,1.0
1207,Москва,Кольчугино,1.0
1208,Волгоград,Волгоград,1.0
1209,Якутск,Якутск,1.0
1210,Волгоград,Урюпинск,1.0
1211,Якутск,Якутск,1.0
1212,Волгоград,Волгоград,1.0
1213,Уфа,Уфа,1.0
1214,Волгоград,Ахтубинск,1.0
1215,Тюмень,Тюмень,1.0
1216,Волгоград,Михайловка,1.0
1217,Волгоград,Волгоград,1.0
1218,Волгоград,Волгоград,1.0
1219,Уфа,Уфа,1.0
1220,Москва,Тихорецк,1.0
1221,Самара,Самара,1.0
1222,Уфа,Уфа,1.0
1223,Якутск,Якутск,1.0
1224,Улан-Удэ,Улан-Удэ,1.0
1225,Якутск,Якутск,1.0
1226,Иркутск,Иркутск,1.0
1227,Улан-Удэ,Улан-Удэ,1.0
1228,Улан-Удэ,Улан-Удэ,1.0
1229,Ижевск,Ижевск,1.0
1230,Екатеринбург,Екатеринбург,1.0
1231,Новокузнецк,Новокузнецк,1.0
1232,Волгоград,Урюпинск,1.0
1233,Волгоград,Камышин,1.0
1234,Саратов,Саратов,1.0
1235,Новокузнецк,Новокузнецк,1.0
1236,Новокузнецк,Новокузнецк,1.0
1237,Новокузнецк,Новокузнецк,1.0
1238,Новокузнецк,Новокузнецк,1.0
1239,Новый Уренгой,Надым,1.0
1240,Самара,Самара,1.0
1241,Новый Уренгой,Надым,1.0
1242,Новокузнецк,Новокузнецк,1.0
1243,Волгоград,Волгоград,1.0
1244,Комсомольск-на-Амуре,Комсомольск-на-Амуре,1.0
1245,Краснодар,Усть-Лабинск,1.0
1246,Находка,Находка,1.0
1247,Москва,Димитровград,0.46
1248,Москва,Тихорецк,1.0
1249,Москва,Таганрог,1.0
1250,Москва,Астрахань,1.0
1251,Москва,Тула,1.0
1252,Москва,Череповец,1.0
1253,Москва,Астрахань,1.0
1254,Самара,Самара,1.0
1255,Москва,Курск,1.0
1256,Москва,Орел,1.0
1257,Самара,Самара,1.0
1258,Новосибирск,Юрга,1.0
1259,Новосибирск,Юрга,1.0
1260,Москва,"Аксай, Ростовская область",1.0
1261,Москва,Астрахань,1.0
1262,Самара,Самара,1.0
1263,Ростов-на-Дону,Ростов-на-Дону,1.0
1264,Москва,Астрахань,1.0
1265,Москва,Астрахань,1.0
1266,Москва,Лабинск,1.0
1267,Омск,Омск,1.0
1268,Воронеж,Воронеж,1.0
1269,Москва,Лабинск,1.0
1270,Тюмень,Тюмень,1.0
1271,Ростов-на-Дону,Ростов-на-Дону,1.0
1272,Воронеж,Воронеж,1.0
1273,Ростов-на-Дону,Ростов-на-Дону,1.0
1274,Москва,Орел,1.0
1275,Краснодар,Усть-Лабинск,1.0
1276,Ижевск,Ижевск,1.0
1277,Ростов-на-Дону,Ростов-на-Дону,1.0
1278,Новосибирск,Майма,1.0
1279,Ростов-на-Дону,Сальск,1.0
1280,Ростов-на-Дону,Ростов-на-Дону,1.0
1281,Москва,Рязань,1.0
1282,Южно-Сахалинск,Южно-Сахалинск,1.0
1283,Москва,Астрахань,1.0
1284,Москва,Сыктывкар,1.0
1285,Москва,Рязань,1.0
1286,Краснодар,Хадыженск,1.0
1287,Москва,Рязань,1.0
1288,Омск,Омск,1.0
1289,Краснодар,Кенже,1.0
1290,Краснодар,Кореновск,1.0
1291,Краснодар,Кореновск,1.0
1292,Краснодар,Кореновск,1.0
1293,Краснодар,Кореновск,1.0
1294,Москва,Геленджик,1.0
1295,Москва,Владимир,1.0
1296,Нижний Новгород,Нижний Новгород,1.0
1297,Нижний Новгород,Нижний Новгород,1.0
1298,Краснодар,Хадыженск,1.0
1299,Краснодар,Кенже,1.0
1300,Новокузнецк,Новокузнецк,1.0
1301,Владивосток,Владивосток,1.0
1302,Пятигорск,Баксан,1.0
1303,Краснодар,Кенже,1.0
1304,Краснодар,Краснодар,1.0
1305,Омск,Омск,1.0
1306,Нижний Новгород,Нижний Новгород,1.0
1307,Москва,Рязань,1.0
1308,Москва,Астрахань,1.0
1309,Москва,Тула,1.0
1310,Москва,Рязань,1.0
1311,Москва,Брянск,1.0
1312,Москва,Батайск,1.0
1313,Москва,Свободный,1.0
1314,Москва,Тула,1.0
1315,Москва,Тула,1.0
1316,Москва,Липецк,1.0
1317,Владивосток,Владивосток,1.0
1318,Калининград,Калининград,1.0
1319,Москва,Сыктывкар,1.0
1320,Москва,Липецк,1.0
1321,Москва,Сыктывкар,1.0
1322,Москва,Тула,1.0
1323,Москва,Свободный,1.0
1324,Москва,"Аксай, Ростовская область",1.0
1325,Москва,Иваново ,1.0
1326,Краснодар,Каневская,1.0
1327,Новокузнецк,Новокузнецк,1.0
1328,Москва,Астрахань,1.0
1329,Краснодар,Белореченск,1.0
1330,Краснодар,Белореченск,1.0
1331,Краснодар,Кропоткин,1.0
1332,Москва,Владимир,1.0
1333,Краснодар,Усть-Лабинск,1.0
1334,Москва,Тверь,1.0
1335,Уссурийск,Уссурийск,1.0
1336,Ухта,Ухта,1.0
1337,Калининград,Калининград,1.0
1338,Калининград,Калининград,1.0
1339,Ижевск,Ижевск,1.0
1340,Саратов,Саратов,1.0
1341,Саратов,Саратов,1.0
1342,Саратов,Саратов,1.0
1343,Саратов,Саратов,1.0
1344,Саратов,Саратов,1.0
1345,Саратов,Саратов,1.0
1346,Саратов,Саратов,1.0
1347,Саратов,Саратов,1.0
1348,Краснодар,Темрюк,1.0
1349,Саратов,Саратов,1.0
1350,Саратов,Саратов,1.0
1351,Саратов,Саратов,1.0
1352,Саратов,Саратов,1.0
1353,Салехард,Салехард,1.0
1354,Саратов,Саратов,1.0
1355,Салехард,Салехард,1.0
1356,Саратов,Саратов,1.0
1357,Салехард,Салехард,1.0
1358,Саратов,Саратов,1.0
1359,Саратов,Саратов,1.0
1360,Салехард,Салехард,1.0
1361,Казань,Казань,1.0
1362,Казань,Казань,1.0
1363,Казань,Казань,1.0
1364,Саратов,Саратов,1.0
1365,Казань,Казань,1.0
1366,Казань,Казань,1.0
1367,Казань,Казань,1.0
1368,Казань,Казань,1.0
1369,Владивосток,Владивосток,1.0
1370,Казань,Казань,1.0
1371,Казань,Казань,1.0
1372,Казань,Казань,1.0
1373,Новый Уренгой,Новый Уренгой,1.0
1374,Ижевск,Ижевск,1.0
1375,Кемерово,Мариинск,1.0
1376,Волгоград,Урюпинск,1.0
1377,Кемерово,Тайга,1.0
1378,Нижневартовск,Нижневартовск,1.0
1379,Москва,Шахты,1.0
1380,Екатеринбург,Златоуст,1.0
1381,Москва,Кингисепп,1.0
1382,Москва,Лабинск,1.0
1383,Москва,Батайск,1.0
1384,Москва,Тихвин,1.0
1385,Екатеринбург,Екатеринбург,1.0
1386,Пятигорск,Баксан,1.0
1387,Москва,Кингисепп,1.0
1388,Москва,Балашов,1.0
1389,Москва,Шахты,1.0
1390,Петропавловск-Камчатский,Елизово,0.6
1391,Москва,Лабинск,1.0
1392,Москва,Шахты,1.0
1393,Москва,Шахты,1.0
1394,Москва,Клинцы,1.0
1395,Москва,Геленджик,1.0
1396,Москва,Ярцево,1.0
1397,Саратов,Саратов,1.0
1398,Москва,Мурманск,1.0
1399,Москва,"Новоселье, Ломоносовский р-он",1.0
1400,Ростов-на-Дону,Ростов-на-Дону,1.0
1401,Ульяновск,Ульяновск,1.0
1402,Новосибирск,Юрга,1.0
1403,Омск,Омск,1.0
1404,Москва,Вязьма,1.0
1405,Москва,Гуково,1.0
1406,Москва,Набережные Челны,1.0
1407,Самара,Самара,1.0
1408,Уфа,Уфа,1.0
1409,Москва,Кузнецк,1.0
1410,Москва,Мурманск,1.0
1411,Москва,"Новоселье, Ломоносовский р-он",1.0
1412,Москва,Парголово,1.0
1413,Москва,Урус-Мартан,1.0
1414,Москва,Прохладный,1.0
1415,Москва,Парголово,1.0
1416,Самара,Самара,1.0
1417,Москва,Мурманск,1.0
1418,Москва,Астрахань,0.28
1419,Москва,Батайск,2.0
1420,Москва,Астрахань,0.67
1421,Москва,Димитровград,1.0
1422,Москва,Димитровград,1.0
1423,Москва,Владимир,0.35
1424,Москва,Ярцево,1.0
1425,Москва,Димитровград,1.0
1426,Москва,Парголово,1.0
1427,Нижний Новгород,Нижний Новгород,1.0
1428,Барнаул,Барнаул,1.0
1429,Барнаул,Барнаул,1.0
1430,Москва,Нарышкино,1.0
1431,Москва,Гуково,1.0
1432,Москва,Димитровград,1.0
1433,Казань,Казань,0.88
1434,Москва,Прохладный,1.0
1435,Москва,Прохладный,1.0
1436,Москва,Медынь,1.0
1437,Москва,Шахты,0.42
1438,Москва,Стрежевой,1.0
1439,Москва,Шахты,1.0
1440,Тюмень,Тюмень,1.0
1441,Москва,Шилово,1.0
1442,Воронеж,Воронеж,1.0
1443,Воронеж,Воронеж,1.0
1444,Воронеж,Воронеж,1.0
1445,Находка,Находка,1.0
1446,Нижний Новгород,Нижний Новгород,1.0
1447,Омск,Омск,1.0
1448,Нижний Новгород,Нижний Новгород,1.0
1449,Ижевск,Ижевск,1.0
1450,Южно-Сахалинск,Южно-Сахалинск,1.0
1451,Нижний Новгород,Нижний Новгород,1.0
1452,Ухта,Ухта,1.0
1453,Тюмень,Тобольск,1.0
1454,Екатеринбург,Екатеринбург,1.0
1455,Екатеринбург,Екатеринбург,1.0
1456,Москва,Кузнецк,1.0
1457,Иркутск,Иркутск,1.0
1458,Москва,Шилово,1.0
1459,Барнаул,Барнаул,1.0
1460,Южно-Сахалинск,Южно-Сахалинск,1.0
1461,Барнаул,Барнаул,1.0
1462,Москва,Урус-Мартан,1.0
1463,Уфа,Туймазы,1.0
1464,Екатеринбург,Копейск,1.0
1465,Москва,Тверь,1.0
1466,Уфа,Чесноковка,1.0
1467,Москва,Лабинск,1.0
1468,Ульяновск,Ульяновск,1.0
1469,Москва,Тула,1.0
1470,Москва,Муром,1.0
1471,Тюмень,Тобольск,1.0
1472,Москва,Тула,1.0
1473,Москва,Иваново ,1.0
1474,Уфа,Уфа,1.0
1475,Благовещенск,Благовещенск,1.0
1476,Москва,Брянск,1.0
1477,Москва,Тула,1.0
1478,Москва,Курск,1.0
1479,Ростов-на-Дону,Каменск-Шахтинский,1.0
1480,Уфа,Уфа,1.0
1481,Ростов-на-Дону,Ростов-на-Дону,1.0
1482,Ангарск,Ангарск,1.0
1483,Ростов-на-Дону,Ростов-на-Дону,1.0
1484,Екатеринбург,Миасс,1.0
1485,Новосибирск,"Коченёво, Коченёвский р-н",1.0
1486,Чита,Чита,1.0
1487,Москва,Свободный,1.0
1488,Самара,Самара,1.0
1489,Калининград,Калининград,1.0
1490,Иркутск,Иркутск,1.0
1491,Калининград,Калининград,1.0
1492,Калининград,Калининград,1.0
1493,Тюмень,Тюмень,1.0
1494,Тюмень,Тюмень,1.0
1495,Калининград,Калининград,1.0
1496,Калининград,Калининград,1.0
1497,Калининград,Калининград,1.0
1498,Москва,Волгодонск,1.0
1499,Тюмень,Тюмень,1.0
1500,Челябинск,Челябинск,1.0
1501,Владивосток,Владивосток,1.0
1502,Ростов-на-Дону,Ростов-на-Дону,1.0
1503,Тюмень,Тюмень,1.0
1504,Калининград,Калининград,1.0
1505,Волгоград,Камышин,1.0
1506,Ростов-на-Дону,Ростов-на-Дону,1.0
1507,Владивосток,Владивосток,1.0
1508,Ульяновск,Ульяновск,1.0
1509,Москва,Завитинск,1.0
1510,Ульяновск,Ульяновск,1.0
1511,Ульяновск,Ульяновск,1.0
1512,Ханты-Мансийск,Нягань,1.0
1513,Ульяновск,Ульяновск,1.0
1514,Ульяновск,Ульяновск,1.0
1515,Ангарск,Усолье-Сибирское,1.0
1516,Владивосток,Владивосток,1.0
1517,Ульяновск,Ульяновск,1.0
1518,Нижний Новгород,Нижний Новгород,1.08
1519,Екатеринбург,Асбест,1.0
1520,Челябинск,Челябинск,1.0
1521,Екатеринбург,Ирбит,1.0
1522,Пермь,Нытва,1.0
1523,Ангарск,Ангарск,1.0
1524,Ульяновск,Ульяновск,1.0
1525,Иркутск,Шелехов,1.0
1526,Ульяновск,Ульяновск,1.0
1527,Краснодар,Елизаветинская,1.0
1528,Ульяновск,Ульяновск,1.0
1529,Тюмень,Тюмень,1.0
1530,Ульяновск,Ульяновск,1.0
1531,Пятигорск,Баксан,1.08
1532,Ульяновск,Ульяновск,1.0
1533,Ульяновск,Ульяновск,1.0
1534,Ульяновск,Ульяновск,1.0
1535,Москва,"Аксай, Ростовская область",1.0
1536,Ханты-Мансийск,Ханты-Мансийск,1.0
1537,Ульяновск,Ульяновск,1.0
1538,Ульяновск,Ульяновск,1.0
1539,Ульяновск,Ульяновск,1.0
1540,Ульяновск,Ульяновск,1.0
1541,Омск,Омск,1.0
1542,Москва,Геленджик,1.0
1543,Москва,Геленджик,1.0
1544,Тюмень,Тюмень,1.0
1545,Калининград,Калининград,1.0
1546,Калининград,Калининград,1.0
1547,Калининград,Калининград,1.0
1548,Калининград,Калининград,1.0
1549,Калининград,Калининград,1.0
1550,Калининград,Калининград,1.0
1551,Калининград,Калининград,1.0
1552,Калининград,Калининград,1.0
1553,Саратов,Саратов,1.0
1554,Краснодар,Усть-Лабинск,1.0
1555,Калининград,Калининград,1.0
1556,Калининград,Калининград,1.0
1557,Москва,Вилючинск,1.0
1558,Воронеж,"Ямное, Рамонский р-н",1.0
1559,Воронеж,"Лиски, Лискинский р-н",1.0
1560,Калининград,Калининград,1.0
1561,Калининград,Калининград,1.0
1562,Калининград,Калининград,1.0
1563,Калининград,Калининград,1.0
1564,Калининград,Калининград,1.0
1565,Калининград,Калининград,1.0
1566,Калининград,Калининград,1.0
1567,Калининград,Калининград,1.0
1568,Калининград,Калининград,1.0
1569,Калининград,Калининград,1.0
1570,Ульяновск,Ульяновск,1.0
1571,Калининград,Калининград,1.0
1572,Калининград,Калининград,1.0
1573,Калининград,Калининград,1.0
1574,Калининград,Калининград,1.0
1575,Калининград,Калининград,1.0
1576,Калининград,Калининград,1.0
1577,Воронеж,"Ямное, Рамонский р-н",1.0
1578,Воронеж,"Острогожск, Острогожский р-н",1.0
1579,Калининград,Калининград,1.0
1580,Калининград,Калининград,1.0
1581,Воронеж,"Лиски, Лискинский р-н",1.0
1582,Калининград,Калининград,1.0
1583,Калининград,Калининград,1.0
1584,Калининград,Калининград,1.0
1585,Калининград,Калининград,1.0
1586,Калининград,Калининград,1.0
1587,Калининград,Калининград,1.0
1588,Калининград,Калининград,1.0
1589,Калининград,Калининград,1.0
1590,Барнаул,Горно-Алтайск,1.0
1591,Калининград,Калининград,1.0
1592,Барнаул,Заринск,1.0
1593,Калининград,Калининград,1.0
1594,Калининград,Калининград,1.0
1595,Калининград,Калининград,1.0
1596,Калининград,Калининград,3.0
1597,Калининград,Калининград,1.0
1598,Владивосток,Владивосток,1.0
1599,Москва,Лангепас,1.0
1600,Калининград,Калининград,2.0
1601,Воронеж,Новая Усмань,1.0
1602,Москва,Липецк,1.0
1603,Уфа,Уфа,1.0
1604,Калининград,Калининград,1.0
1605,Саратов,Саратов,1.0
1606,Уфа,Уфа,1.0
1607,Барнаул,Барнаул,1.0
1608,Калининград,Калининград,1.0
1609,Калининград,Калининград,1.0
1610,Нижний Новгород,Нижний Новгород,1.0
1611,Нижний Новгород,Нижний Новгород,1.0
1612,Ульяновск,Ульяновск,1.0
1613,Нижний Новгород,Нижний Новгород,1.0
1614,Калининград,Калининград,1.0
1615,Нижний Новгород,Нижний Новгород,1.0
1616,Нижний Новгород,Нижний Новгород,1.0
1617,Хабаровск,Хабаровск,1.0
1618,Омск,Омск,1.0
1619,Калининград,Калининград,1.0
1620,Уфа,Туймазы,1.0
1621,Калининград,Калининград,1.0
1622,Омск,Омск,1.0
1623,Ангарск,Ангарск,1.0
1624,Воронеж,Воронеж,1.0
1625,Ухта,Ухта,1.0
1626,Белгород,"Алексеевка, Алексеевский р-н",1.0
1627,Новосибирск,Саяногорск,1.0
1628,Белгород,"Шебекино, Шебекинский р-н",1.0
1629,Омск,Омск,1.0
1630,Белгород,"Майский, Белгородский р-н",1.0
1631,Казань,Казань,1.0
1632,Москва,Мончегорск,1.0
1633,Комсомольск-на-Амуре,Комсомольск-на-Амуре,1.0
1634,Комсомольск-на-Амуре,Комсомольск-на-Амуре,1.0
1635,Кемерово,Мариинск,1.0
1636,Нижний Новгород,Нижний Новгород,1.0
1637,Казань,Казань,1.0
1638,Москва,Астрахань,1.0
1639,Москва,Ярославль,1.0
1640,Хабаровск,Хабаровск,1.0
1641,Москва,Брянск,1.0
1642,Братск,Братск,1.0
1643,Калининград,Калининград,1.0
1644,Благовещенск,Белогорск,1.0
1645,Москва,Геленджик,1.0
1646,Саратов,Саратов,1.0
1647,Казань,Казань,1.0
1648,Москва,Владимир,1.0
1649,Москва,Курск,1.0
1650,Москва,Астрахань,1.0
1651,Екатеринбург,Екатеринбург,1.0
1652,Москва,Владимир,1.0
1653,Нижневартовск,Нижневартовск,1.0
1654,Москва,Сыктывкар,1.0
1655,Ростов-на-Дону,Каменск-Шахтинский,1.0
1656,Краснодар,Апшеронск,1.0
1657,Москва,Кунгур,1.0
1658,Екатеринбург,Екатеринбург,1.0
1659,Екатеринбург,Екатеринбург,1.0
1660,Магадан,Магадан,1.0
1661,Екатеринбург,Екатеринбург,1.0
1662,Ростов-на-Дону,Ростов-на-Дону,1.0
1663,Волгоград,Котово,1.0
1664,Ростов-на-Дону,Ростов-на-Дону,1.0
1665,Екатеринбург,Екатеринбург,1.0
1666,Ростов-на-Дону,Ростов-на-Дону,1.0
1667,Екатеринбург,Екатеринбург,1.0
1668,Москва,Муром,1.0
1669,Ростов-на-Дону,Сальск,1.0
1670,Ростов-на-Дону,Ростов-на-Дону,1.0
1671,Ижевск,Ижевск,1.0
1672,Казань,Казань,1.0
1673,Екатеринбург,Екатеринбург,1.0
1674,Ростов-на-Дону,Ростов-на-Дону,1.0
1675,Казань,Казань,1.0
1676,Казань,Казань,1.0
1677,Южно-Сахалинск,Южно-Сахалинск,1.0
1678,Казань,Казань,1.0
1679,Южно-Сахалинск,Южно-Сахалинск,1.0
1680,Екатеринбург,Монетный,1.0
1681,Новосибирск,Новосибирск,1.0
1682,Ростов-на-Дону,Ростов-на-Дону,1.0
1683,Новосибирск,Новосибирск,1.0
1684,Казань,Казань,1.0
1685,Комсомольск-на-Амуре,Комсомольск-на-Амуре,0.69
1686,Калининград,Калининград,1.0
1687,Екатеринбург,Новоуральск,1.0
1688,Новосибирск,Новосибирск,1.0
1689,Пермь,Нытва,1.0
1690,Екатеринбург,Новоуральск,1.0
1691,Пятигорск,Баксан,1.0
1692,Казань,"Васильево, Зеленодольский р-он",1.0
1693,Ростов-на-Дону,Ростов-на-Дону,1.0
1694,Калининград,Калининград,1.0
1695,Ростов-на-Дону,Ростов-на-Дону,1.0
1696,Пятигорск,Баксан,1.0
1697,Ижевск,Ижевск,0.46
1698,Ростов-на-Дону,Ростов-на-Дону,1.0
1699,Москва,Курск,1.0
1700,Ростов-на-Дону,Ростов-на-Дону,1.0
1701,Ростов-на-Дону,Ростов-на-Дону,1.0
1702,Барнаул,Славгород,1.0
1703,Ростов-на-Дону,Ростов-на-Дону,1.0
1704,Ростов-на-Дону,Ростов-на-Дону,2.0
1705,Барнаул,Заринск,2.0
1706,Ростов-на-Дону,Ростов-на-Дону,1.0
1707,Комсомольск-на-Амуре,Комсомольск-на-Амуре,1.0
1708,Калининград,Калининград,1.0
1709,Новосибирск,Прокопьевск,1.0
1710,Барнаул,Барнаул,1.0
1711,Салехард,Салехард,1.0
1712,Калининград,Калининград,1.0
1713,Ростов-на-Дону,Ростов-на-Дону,1.0
1714,Ростов-на-Дону,Зерноград,1.0
1715,Ростов-на-Дону,Белая Калитва,1.0
1716,Калининград,Калининград,1.0
1717,Омск,Омск,1.0
1718,Ижевск,Ижевск,1.0
1719,Омск,Омск,1.0
1720,Ростов-на-Дону,Ростов-на-Дону,2.0
1721,Омск,Омск,1.0
1722,Улан-Удэ,Улан-Удэ,1.0
1723,Владивосток,Владивосток,1.0
1724,Омск,Омск,1.0
1725,Краснодар,Темрюк,0.68
1726,Саратов,Саратов,1.0
1727,Ростов-на-Дону,Новошахтинск,1.0
1728,Ростов-на-Дону,Ростов-на-Дону,1.0
1729,Тюмень,Тюмень,1.0
1730,Ростов-на-Дону,Ростов-на-Дону,1.0
1731,Сочи,Сочи,1.0
1732,Ростов-на-Дону,Ростов-на-Дону,1.0
1733,Казань,Казань,1.0
1734,Магадан,Магадан,1.0
1735,Ростов-на-Дону,Ростов-на-Дону,1.0
1736,Сочи,Верхнебаканский,1.0
1737,Ростов-на-Дону,Ростов-на-Дону,1.0
1738,Ростов-на-Дону,Ростов-на-Дону,1.0
1739,Омск,Калачинск,1.0
1740,Новосибирск,Новосибирск,1.0
1741,Пятигорск,Незлобная,1.0
1742,Краснодар,Темрюк,1.0
1743,Самара,Самара,1.0
1744,Сочи,Сочи,1.0
1745,Сочи,"Весёлое, Сочи гор.округ",1.0
1746,Дзержинск,Юбилейный мкр. (Королёв),0.5
1747,Москва,Москва,0.1
1748,Магас,Москва,5.0
1749,Ростов-на-Дону,Челябинск,0.64
1750,Санкт-Петербург,Анапа,0.5
1751,Котельники,Лобня,1.0
1752,Москва,Белоозерский,0.1
1753,Дзержинский,Волгодонск,2.0
1754,Москва,Курск,2.0
1755,Москва,Москва,0.55
1756,Тосно,Актау,0.8
1757,Дзержинский,Ульяновск,2.0
1758,Казань,Рыбное,2.5
1759,Санкт-Петербург,Москва,0.3
1760,Москва,Дзержинский,0.1
1761,Бутово,Екатеринбург,0.2
1762,Санкт-Петербург,Электроугли,0.1
1763,Дзержинский,Великий Новгород,2.0
1764,Москва,"Смольки, Городецкий р-н",1.0
1765,Дзержинск,Астрахань,0.2
1766,Дзержинский,Новосибирск,2.0
1767,Котельники,"Менделеево, Солнечногорский р-он",1.0
1768,Красногорск,Казань,0.98
1769,Дзержинский,Ижевск,2.0
1770,Казань,Астрахань,3.9
1771,Нижний Новгород,Уфа,1.0
1772,Москва,Нефтеюганск,1.0
1773,Москва,Вологда,5.0
1774,Бутово,Муром,0.765
1775,Самара,Липецк,3.0
1776,Москва,Стерлитамак,0.4
1777,Санкт-Петербург,Митино,0.25
1778,Котельники,Сочи,1.0
1779,Воронеж,Пущино,3.32
1780,Магас,Апрелевка,2.0
1781,Санкт-Петербург,Москва,0.1
1782,Казань,Салават,3.7
1783,Москва,Казань,0.1
1784,Волгоград,Краснодар,1.0
1785,Санкт-Петербург,Новосибирск,0.1
1786,Москва,Екатеринбург,1.44
1787,Самара,Волжский,2.0
1788,Санкт-Петербург,Волгоград,0.4
1789,Санкт-Петербург,Краснодар,0.3
1790,Красногорск,Челябинск,0.5
1791,Москва,Москва,0.1
1792,Пушкино,Нижний Новгород,0.3
1793,Волгоград,Химки Новые,1.0
1794,Казань,Москва,2.5
1795,Екатеринбург,Белгород,2.0
1796,Санкт-Петербург,Сочи,0.1
1797,Москва,Мисайлово,0.5
1798,Красногорск,Ялта,0.5
1799,Островцы,Нефтекамск,0.1
1800,Санкт-Петербург,Москва,0.5
1801,Санкт-Петербург,Москва,0.2
1802,Нижний Новгород,Псков,3.0
1803,Москва,Уфа,7.34
1804,Москва,Улан-Удэ,1.0
1805,Красногорск,Тюмень,0.5
1806,Екатеринбург,Смоленск,1.0
1807,Москва,Щекино,0.5
1808,Москва,Красноярск,0.1
1809,"Брест, Брестская обл.",Королев,3.6
1810,Тюмень,Краснодар,1.6
1811,Волгоград,Ростов-на-Дону,1.0
1812,Островцы,Москва,0.1
1813,Москва,Прохладный,0.4
1814,Саранск,Санкт-Петербург,0.55
1815,Сочи,Минск,10.0
1816,Екатеринбург,Горно-Алтайск,2.0
1817,Кореновск,Москва,0.5
1818,Москва,Рязань,1.62
1819,Москва,Ростов,0.5
1820,Санкт-Петербург,Санкт-Петербург,0.5
1821,Воронеж,Мытищи,0.147
1822,Волгоград,Краснодар,1.0
1823,Москва,Санкт-Петербург,0.2
1824,Москва,Казань,3.48
1825,Красногорск,Тверь,0.5
1826,Москва,Зеленоград,2.0
1827,Москва,Чита,0.5
1828,Екатеринбург,Алматы,2.0
1829,Пушкино,Москва,0.3
1830,Москва,Сочи,0.1
1831,"Брест, Брестская обл.",Уфа,3.5
1832,Москва,Орехово-Зуево,0.1
1833,Красногорск,Пермь,0.5
1834,Санкт-Петербург,Санкт-Петербург,0.5
1835,Москва,Воронеж,1.68
1836,Казань,Бишкек,1.3
1837,Магас,Домодедово,2.0
1838,Пушкино,Москва,0.3
1839,Щербинка,Бутово,0.2
1840,Саратов,Москва,0.57
1841,Санкт-Петербург,Ростов-на-Дону,0.5
1842,Нижний Новгород,Белгород,2.48
1843,Красногорск,Иркутск,0.5
1844,Санкт-Петербург,Казань,0.1
1845,Реутов,Мытищи,0.6
1846,Красногорск,Самара,0.5
1847,Саратов,Махачкала,0.3
1848,Пушкино,Тула,0.3
1849,Санкт-Петербург,Великие Луки,3.0
1850,Москва,Салават,0.1
1851,Санкт-Петербург,Краснодар,0.3
1852,Челябинск,Серов,0.75
1853,Зеленоград,Костанай,2.0
1854,Москва,Санкт-Петербург,0.1
1855,Сочи,Минск,10.0
1856,Санкт-Петербург,Санкт-Петербург,0.2
1857,Ульяновск,Таганрог,0.1
1858,Саратов,Челябинск,0.52
1859,Москва,Москва,2.0
1860,Москва,Казань,0.1
1861,Санкт-Петербург,Липецк,0.3
1862,Москва,Крымск,0.03
1863,Москва,Череповец,0.212
1864,Москва,Горячий Ключ,0.112
1865,Москва,Новосибирск,0.26
1866,Москва,Дербент,0.156
1867,Москва,Люберцы,0.339
1868,Москва,Кемерово,0.057
1869,Москва,Калининград,0.028
1870,Москва,Владивосток,0.066
1871,Москва,Москва,0.086
1872,Москва,Тюмень,0.389
1873,Москва,Санкт-Петербург,0.033
1874,Москва,Орел,0.038
1875,Москва,Красногорск,0.037
1876,Москва,Москва,0.017
1877,Москва,Мытищи,0.037
1878,Москва,Подольск,0.144
1879,Москва,Санкт-Петербург,0.043
1880,Москва,Волгоград,0.021
1881,Москва,Мурманск,0.088
1882,Москва,Реутов,0.218
1883,Москва,Красноярск,0.924
1884,Москва,Екатеринбург,0.099
1885,Москва,Москва,0.161
1886,Москва,Санкт-Петербург,0.037
1887,Москва,Бийск,0.033
1888,Москва,Дубна,1.023
1889,Москва,Кольчугино,0.041
1890,Москва,Москва,0.519
1891,Москва,Красноярск,0.623
1892,Москва,Омск,0.111
1893,Москва,Реутов,0.391
1894,Москва,Стерлитамак,0.558
1895,Москва,Волгоград,0.783
1896,Москва,Барнаул,0.026
1897,Москва,Москва,0.336
1898,Иваново ,Воскресенск,0.6
1899,Москва,Омск,0.1
1900,Москва,Омск,0.113
1901,Москва,Дивногорск,0.788
1902,Москва,Киров,0.121
1903,Москва,Уфа,0.186
1904,Москва,Набережные Челны,0.271
1905,Москва,Кемерово,0.161
1906,Москва,Жигулёвск,0.878
1907,Москва,Барнаул,0.534
1908,Москва,Барнаул,1.218
1909,Москва,Самара,0.119
1910,Москва,Тверь,0.494
1911,Москва,Казань,0.746
1912,Москва,Волгоград,0.129
1913,Москва,Балаково,0.362
1914,Северодвинск,Ярославль,2.0
1915,Москва,Омск,0.383
1916,Москва,Тверь,0.471
1917,Москва,Казань,0.095
1918,Москва,Самара,0.7
1919,Москва,Барнаул,1.772
1920,Москва,Волгоград,0.315
1921,Москва,Нижний Новгород,0.68
1922,Кстово,Ковров,11.819
1923,Москва,Омск,0.59
1924,Москва,Москва,1.105
1925,Москва,Санкт-Петербург,1.445
1926,Москва,Красноярск,0.076
1927,Москва,Москва,3.033
1928,Красногорск,Иркутск,0.5
1929,"Румянцево, Московский пос.",Челябинск,0.1
1930,Москва,Казань,0.467
1931,Москва,Санкт-Петербург,0.184
1932,Москва,Волгоград,0.372
1933,Москва,Калининград,0.556
1934,Москва,Москва,0.303
1935,Москва,Казань,0.143
1936,Москва,Красноярск,0.039
1937,Москва,Москва,0.454
1938,Москва,Руза,0.11
1939,Москва,Брянск,0.084
1940,Москва,Брянск,0.084
1941,Москва,Братск,0.046
1942,Москва,Екатеринбург,0.288
1943,Москва,Москва,0.053
1944,Москва,Кемерово,0.102
1945,Москва,Барнаул,0.008
1946,Москва,Казань,2.22
1947,Москва,Ульяновск,0.253
1948,Москва,Москва,0.094
1949,Москва,Москва,0.438
1950,Москва,Владимир,0.232
1951,Москва,Туапсе,0.125
1952,Москва,Воронеж,0.048
1953,Москва,Якутск,0.054
1954,Москва,Кемерово,0.283
1955,Москва,Анапская,0.081
1956,Москва,Челябинск,0.02
1957,Москва,Барнаул,0.263
1958,Москва,Воронеж,0.081
1959,Москва,Видное,0.113
1960,Москва,Краснодар,0.708
1961,Москва,Санкт-Петербург,0.104
1962,Москва,Барнаул,0.036
1963,Москва,Знамя Октября,0.589
1964,Москва,Санкт-Петербург,0.073
1965,Москва,Избербаш,0.083
1966,Москва,Москва,0.047
1967,Москва,Иваново ,0.038
1968,Москва,Рубцовск,0.187
1969,Москва,Москва,0.025
1970,Москва,Санкт-Петербург,0.158
1971,Москва,Одинцово,0.595
1972,Москва,Кемерово,0.176
1973,Москва,Ростов-на-Дону,2.04
1974,Москва,Санкт-Петербург,0.197
1975,Москва,Северобайкальск,0.026
1976,Москва,Москва,0.131
1977,Москва,Москва,0.023
1978,Москва,Москва,0.552
1979,Москва,Москва,0.017
1980,Москва,Москва,0.063
1981,Москва,"Ильский, Северский р-н",0.187
1982,Москва,Норильск,0.077
1983,Москва,Томск,0.132
1984,Москва,Барнаул,0.032
1985,Москва,Десёновское,0.036
1986,Москва,Новосибирск,0.35
1987,Москва,Санкт-Петербург,0.065
1988,Москва,Сочи,0.065
1989,Москва,Новороссийск,0.211
1990,Москва,Красный Сулин,0.05
1991,Москва,Красногорск,0.271
1992,Москва,Калининград,0.033
1993,Москва,Новосибирск,0.676
1994,Москва,Москва,0.297
1995,Москва,Санкт-Петербург,0.045
1996,Москва,Волгоград,0.096
1997,Москва,Владимир,0.093
1998,Москва,Уфа,0.041
1999,Москва,Санкт-Петербург,0.072
2000,Москва,Москва,0.058
2001,Москва,Санкт-Петербург,0.01
2002,Москва,Омск,0.138
2003,Москва,Барнаул,0.579
2004,Москва,Санкт-Петербург,0.037
2005,Москва,Челябинск,0.068
2006,Москва,Санкт-Петербург,0.023
2007,Москва,Калининград,0.022
2008,Москва,Калининград,0.094
2009,Москва,Всеволожск,0.274
2010,Москва,Ижевск,0.551
2011,Москва,Ярославль,0.326
2012,Москва,"Железнодорожный, Балашиха",0.12
2013,Москва,Москва,0.021
2014,Москва,Казань,0.216
2015,Москва,Махачкала,0.049
2016,Москва,Екатеринбург,0.013
2017,Москва,Санкт-Петербург,0.039
2018,Москва,Оренбург,0.052
2019,Москва,Санкт-Петербург,1.081
2020,Москва,Санкт-Петербург,0.166
2021,Москва,Екатеринбург,0.036
2022,Москва,Брянск,1.351
2023,Москва,Ачинск,0.211
2024,Москва,Новосибирск,0.465
2025,Москва,Московский,0.025
2026,Москва,Новокузнецк,0.051
2027,Москва,Москва,0.041
2028,Москва,Санкт-Петербург,0.055
2029,Москва,Балашиха,0.194
2030,Москва,Темрюк,0.037
2031,Москва,Дубна,0.021
2032,Москва,Красноярск,0.068
2033,Москва,Москва,0.089
2034,Москва,Санкт-Петербург,0.048
2035,Москва,Санкт-Петербург,0.037
2036,Москва,Москва,0.03
2037,Москва,Иваново ,0.085
2038,Москва,Балашиха,0.067
2039,Москва,Челябинск,0.181
2040,Москва,Кемерово,0.059
2041,Москва,Москва,0.089
2042,Москва,Санкт-Петербург,1.212
2043,Москва,Вилючинск,0.036
2044,Москва,Москва,0.088
2045,Москва,Междуреченск,0.052
2046,Москва,Магадан,0.134
2047,Москва,Санкт-Петербург,0.308
2048,Москва,Биробиджан,0.056
2049,Москва,Уфа,0.027
2050,Москва,Санкт-Петербург,0.167
2051,Москва,Санкт-Петербург,0.163
2052,Москва,Новосибирск,0.024
2053,Москва,Санкт-Петербург,0.206
2054,Москва,Заринск,0.124
2055,Москва,Калининград,0.248
2056,Москва,Грозный,0.067
2057,Москва,Москва,0.319
2058,Москва,Санкт-Петербург,0.874
2059,Москва,Саратов,0.536
2060,Реутов,Сланцы,0.6
2061,Москва,Лосино-Петровский,0.428
2062,Москва,Омск,0.436
2063,Москва,Москва,0.074
2064,Москва,Санкт-Петербург,0.478
2065,Москва,Челябинск,1.196
2066,Москва,"Горбунки, Ломоносовский р-н",1.871
2067,Москва,Санкт-Петербург,0.136
2068,Москва,Красноярск,1.534
2069,Москва,Митино,0.039
2070,Москва,Кокошкино,0.163
2071,Москва,Норильск,0.211
2072,Москва,Астрахань,0.028
2073,Москва,Новокузнецк,0.129
2074,Москва,Красноярск,0.079
2075,Москва,"Железнодорожный, Балашиха",0.021
2076,Москва,Казань,0.117
2077,Москва,Омск,0.23
2078,Москва,Санкт-Петербург,0.979
2079,Москва,Санкт-Петербург,0.231
2080,Москва,Горячий Ключ,0.053
2081,Москва,Чита,0.138
2082,Москва,Новосибирск,1.518
2083,Москва,Санкт-Петербург,0.01
2084,Москва,Кокошкино,0.025
2085,Москва,Кемерово,0.364
2086,Москва,Санкт-Петербург,0.053
2087,Москва,Москва,0.041
2088,Москва,Красноярск,0.04
2089,Нижний Новгород,Михайловка,0.5
2090,Москва,Новокузнецк,0.028
2091,Москва,Екатеринбург,0.174
2092,Москва,Красноярск,0.036
2093,Москва,Краснодар,0.046
2094,Москва,Москва,0.304
2095,Москва,Ачинск,0.051
2096,Москва,Пермь,0.352
2097,Москва,Тверь,0.055
2098,Москва,Иркутск,0.057
2099,Москва,Санкт-Петербург,0.356
2100,Москва,Кемерово,0.156
2101,Москва,Санкт-Петербург,0.293
2102,Москва,Иркутск,0.095
2103,Москва,Санкт-Петербург,0.814
2104,Москва,Санкт-Петербург,1.761
2105,Москва,Челябинск,0.225
2106,Москва,Екатеринбург,0.227
2107,Москва,Калуга ,0.274
2108,Москва,Москва,0.198
2109,Москва,"Железнодорожный, Балашиха",0.233
2110,Москва,Санкт-Петербург,0.274
2111,Москва,Владивосток,0.019
2112,Москва,Белгород,0.536
2113,Москва,Митино,0.281
2114,Москва,Сертолово,0.036
2115,Москва,Екатеринбург,0.558
2116,Москва,Владивосток,0.281
2117,Москва,Магадан,0.099
2118,Москва,Калининград,0.124
2119,Москва,Санкт-Петербург,0.207
2120,Москва,Краснодар,1.003
2121,Москва,Калининград,0.033
2122,Москва,Уфа,0.183
2123,Москва,Тула,0.456
2124,Москва,Сергиев Посад,0.421
2125,Москва,Санкт-Петербург,0.017
2126,Москва,Сертолово,0.058
2127,Москва,Краснодар,0.057
2128,Москва,Красноярск,0.307
2129,Москва,Калининград,1.124
2130,Москва,Москва,0.024
2131,Москва,Челябинск,0.554
2132,Москва,Дмитров,0.791
2133,Москва,Санкт-Петербург,1.338
2134,Москва,Санкт-Петербург,0.047
2135,Москва,Коммунарка,1.174
2136,Москва,Казань,0.015
2137,Москва,Санкт-Петербург,1.157
2138,Москва,Калининград,0.079
2139,Москва,Москва,0.197
2140,Москва,Митино,0.088
2141,Москва,Санкт-Петербург,0.406
2142,Москва,Москва,0.135
2143,Москва,Москва,0.05
2144,Москва,"Железнодорожный, Балашиха",0.109
2145,Москва,Петропавловск-Камчатский,0.324
2146,Москва,Калининград,0.064
2147,Москва,Химки,1.135
2148,Москва,Барнаул,0.322
2149,Москва,Москва,0.065
2150,Москва,Санкт-Петербург,0.919
2151,Москва,Калининград,0.114
2152,Москва,Москва,0.222
2153,Москва,Красногорск,0.184
2154,Москва,Ярославль,0.128
2155,Москва,Тюмень,0.197
2156,Москва,Санкт-Петербург,0.037
2157,Москва,Санкт-Петербург,1.039
2158,Москва,Московский,0.481
2159,Москва,Нижний Тагил,0.946
2160,Москва,"Горбунки, Ломоносовский р-н",1.626
2161,Москва,Хабаровск,0.072
2162,Москва,Белгород,0.066
2163,Москва,Новороссийск,0.051
2164,Москва,Москва,1.572
2165,Москва,Ярославль,0.081
2166,Москва,Москва,1.822
2167,Москва,Москва,0.308
2168,Москва,Сочи,0.138
2169,Москва,"Железнодорожный, Балашиха",0.146
2170,Москва,Ханты-Мансийск,1.471
2171,"Румянцево, Московский пос.",Серпухов,0.1
2172,Москва,Санкт-Петербург,1.738
2173,Москва,Калининград,0.079
2174,Москва,Белгород,0.31
2175,Москва,Москва,0.167
2176,Москва,Балашиха,1.442
2177,Москва,Москва,0.67
2178,Москва,Троицк,0.016
2179,Москва,Нижний Новгород,0.576
2180,Москва,Улан-Удэ,0.91
2181,Москва,Казань,0.294
2182,Москва,Вологда,0.304
2183,Москва,Пенза,1.111
2184,Москва,Волгоград,0.135
2185,Москва,Красноармейск,0.248
2186,Москва,Химки,0.27
2187,Москва,Владивосток,0.366
2188,Москва,Москва,2.828
2189,Москва,Санкт-Петербург,0.15
2190,Москва,Уфа,1.52
2191,Москва,Казань,0.116
2192,Москва,Сочи,0.742
2193,Москва,Тамбов,0.319
2194,Москва,Обнинск,2.88
2195,Москва,Москва,2.7
2196,Ростов-на-Дону,Ростов-на-Дону,1.505
2197,Москва,Москва,1.6
2198,Санкт-Петербург,Ижевск,0.5
2199,Москва,Калуга ,1.268
2200,Ижевск,Москва,1.0
2201,Москва,Петропавловск-Камчатский,1.854
2202,Москва,Челябинск,1.801
2203,Ижевск,Уфа,1.0
2204,Михайловка,Гонконг (Чхеклапкок),0.792
2205,Санкт-Петербург,Санкт-Петербург,0.5
2206,Москва,Волоколамск,0.195
2207,Москва,Екатеринбург,0.06
2208,Москва,Москва,0.232
2209,Москва,Курган,0.6
2210,Москва,Видное,0.075
2211,Ростов-на-Дону,Ростов-на-Дону,0.41
2212,Москва,Московский,0.09
2213,Ижевск,Москва,1.0
2214,Екатеринбург,Ростов-на-Дону,0.58
2215,Ижевск,Москва,1.0
2216,Москва,Сочи,0.05
2217,Москва,Севастополь,0.06
2218,Москва,Междуреченск,0.255
2219,Москва,Москва,0.6
2220,Москва,Ростов-на-Дону,0.5
2221,Москва,Орск,3.23
2222,Москва,Наро-Фоминск,7.0
2223,Москва,Владимир,0.147
2224,Москва,Тула,15.0
2225,Москва,Томск,0.8
2226,Нижнекамск,Ростов-на-Дону,0.55
2227,Москва,Новокузнецк,0.562
2228,Электросталь,Наро-Фоминск,0.3
2229,Москва,Москва,0.3
2230,Железногорск,Ростов-на-Дону,1.5
2231,Москва,Искитим,0.06
2232,Москва,Москва,0.05
2233,Москва,Балабаново,0.4
2234,Москва,Ростов-на-Дону,0.35
2235,Тольятти,Ростов-на-Дону,0.45
2236,Москва,"Семилуки, Семилукский р-н",0.275
2237,Москва,Юрга,0.8
2238,Москва,Ростов-на-Дону,0.52
2239,Москва,Зеленодольск,0.6
2240,Москва,Владивосток,0.06
2241,Таганрог,Ростов-на-Дону,0.82
2242,Москва,Москва,0.2
2243,Ростов-на-Дону,Ростов-на-Дону,0.56
2244,Москва,Чапаевск,0.6
2245,Москва,Москва,0.001
2246,Щелково,Ростов-на-Дону,0.9
2247,Москва,Екатеринбург,0.375
2248,Москва,Санкт-Петербург,0.4
2249,Щелково,Ростов-на-Дону,0.36
2250,Москва,Дзержинск,0.4
2251,Москва,Клин,0.001
2252,Щелково,Ростов-на-Дону,0.38
2253,Москва,Старый Оскол,1.1
2254,Москва,Колпино,1.204
2255,Москва,Иваново ,1.24
2256,Пермь,Ростов-на-Дону,0.83
2257,Москва,Москва,0.735
2258,Волгоград,Саратов,0.5
2259,Балашиха,Ростов-на-Дону,0.57
2260,Москва,Псков,0.001
2261,Москва,Москва,2.691
2262,Челябинск,Ростов-на-Дону,0.29
2263,Москва,Волжский,0.513
2264,Москва,Балашиха,0.645
2265,Москва,Калуга ,1.487
2266,Мытищи,Ростов-на-Дону,2.29
2267,Москва,Санкт-Петербург,0.623
2268,Нижнекамск,Ростов-на-Дону,0.93
2269,Москва,Москва,0.432
2270,Мытищи,Ростов-на-Дону,0.23
2271,Москва,Челябинск,0.431
2272,Москва,Москва,0.77
2273,Москва,Краснодар,1.22
2274,Саров,Ростов-на-Дону,1.36
2275,Москва,Иваново ,0.508
2276,Симферополь,Ростов-на-Дону,1.45
2277,Москва,Кудрово,1.091
2278,Дятьково,Ростов-на-Дону,1.37
2279,Санкт-Петербург,Ростов-на-Дону,0.53
2280,Королев,Ростов-на-Дону,0.15
2281,Москва,Ростов-на-Дону,2.12
2282,Москва,Ростов-на-Дону,0.84
2283,Москва,"Ртищево, Ртищевский р-он",0.1
2284,Москва,Ростов-на-Дону,1.32
2285,Челябинск,Тобольск,2.0
2286,Краснотурьинск,Ростов-на-Дону,0.93
2287,Москва,Оса ,3.22
2288,Смоленск,Чехов,0.5
2289,Москва,Курган,1.4
2290,Гатчина,Ростов-на-Дону,0.44
2291,Тюмень,Ростов-на-Дону,1.29
2292,Ульяновск,Ростов-на-Дону,0.32
2293,Сасово,Ростов-на-Дону,0.73
2294,Москва,Москва,0.45
2295,Москва,Москва,0.216
2296,Краснодар,Тула,0.36
2297,Москва,Санкт-Петербург,0.628
2298,Москва,Новосибирск,0.074
2299,Москва,Москва,0.205
2300,Москва,Москва,0.205
2301,Москва,Екатеринбург,0.103
2302,Москва,Саратов,0.484
2303,Москва,Красноярск,0.085
2304,Москва,Новоуральск,0.062
2305,Москва,Санкт-Петербург,0.042
2306,Москва,Новосибирск,0.165
2307,Москва,Омск,0.129
2308,Москва,Калининград,0.041
2309,Москва,Красноярск,0.227
2310,Москва,Санкт-Петербург,0.054
2311,Москва,Калуга ,0.106
2312,Москва,Новосибирск,0.023
2313,Москва,Пенза,0.06
2314,Москва,Пермь,0.079
2315,Москва,Москва,0.015
2316,Москва,Санкт-Петербург,0.051
2317,Москва,Одинцово,0.081
2318,Москва,Москва,0.26
2319,Москва,Москва,0.187
2320,Москва,Заринск,0.028
2321,Москва,Краснодар,0.087
2322,Москва,Иркутск,0.044
2323,Москва,Мелеуз,0.022
2324,Москва,Москва,0.133
2325,Москва,Тольятти,0.517
2326,Москва,Иркутск,0.061
2327,Москва,Новосибирск,0.237
2328,Москва,Люберцы,0.836
2329,Москва,Москва,0.038
2330,Москва,Санкт-Петербург,0.048
2331,Москва,Красноярск,0.098
2332,Реутов,Краснодар,0.6
2333,Москва,Калининград,0.079
2334,Москва,Вологда,0.415
2335,Москва,Красноярск,0.341
2336,Москва,Москва,0.328
2337,Москва,Москва,0.21
2338,Москва,Екатеринбург,0.641
2339,Москва,Санкт-Петербург,0.033
2340,Москва,Санкт-Петербург,0.237
2341,Москва,Екатеринбург,0.11
2342,Москва,Уфа,0.046
2343,Москва,Мурманск,0.083
2344,Москва,Москва,0.087
2345,Москва,Кострома,0.069
2346,Москва,Санкт-Петербург,0.216
2347,Москва,Москва,0.193
2348,Москва,Юрга,0.41
2349,Москва,Москва,0.047
2350,Москва,Долгопрудный,0.034
2351,Москва,Санкт-Петербург,0.066
2352,Москва,Кузнецк,5.0
2353,Москва,Санкт-Петербург,0.472
2354,Москва,Санкт-Петербург,0.569
2355,Москва,Москва,0.105
2356,Москва,"Новосиньково, Дмитровский р-н",20.0
2357,Москва,Ханты-Мансийск,0.33
2358,Москва,Оренбург,0.1
2359,Москва,Сочи,0.026
2360,Москва,Абакан,0.03
2361,Москва,Москва,0.757
2362,Москва,Санкт-Петербург,0.418
2363,Москва,Ковров,0.492
2364,Москва,Уфа,0.061
2365,Москва,Москва,0.109
2366,Москва,Анжеро-Судженск,0.189
2367,Москва,Самара,0.226
2368,Москва,Москва,0.955
2369,Москва,Москва,0.145
2370,Москва,Ярославль,0.008
2371,Москва,"Железнодорожный, Балашиха",0.169
2372,Москва,Красноярск,0.687
2373,Москва,Уфа,1.036
2374,Москва,Бердск,0.033
2375,Москва,Балашиха,0.564
2376,Москва,Санкт-Петербург,0.036
2377,Москва,Снежногорск,2.04
2378,Москва,Митино,0.213
2379,Краснодар,Омск,0.349
2380,Москва,Москва,0.383
2381,Кстово,Нижний Новгород,2.591
2382,Москва,Белгород,0.451
2383,Ростов-на-Дону,Ростов-на-Дону,1.935
2384,Екатеринбург,Пермь,1.01
2385,Самара,Самара,2.377
2386,Казань,Казань,2.473
2387,Москва,Екатеринбург,0.213
2388,"Румянцево, Московский пос.",Москва,0.1
2389,Москва,Краснодар,1.354
2390,Москва,Москва,1.0
2391,Москва,Краснодар,0.068
2392,Красногорск,Нижний Тагил,0.5
2393,Москва,Москва,0.573
2394,Краснодар,Тула,0.377
2395,Орел,Екатеринбург,2.86
2396,Москва,Ставрополь,4.74
2397,Москва,Самара,0.265
2398,Москва,Москва,1.776
2399,Санкт-Петербург,Нур-Султан (Астана),0.5
2400,Москва,Барнаул,0.2
2401,Москва,Уфа,0.5
2402,Москва,Владивосток,0.35
2403,Москва,Санкт-Петербург,0.081
2404,Москва,Калининград,0.011
2405,Москва,Санкт-Петербург,0.045
2406,Москва,Москва,0.179
2407,Москва,Осинники,0.012
2408,Москва,Братск,0.124
2409,Москва,Вятские Поляны,0.049
2410,Москва,Екатеринбург,0.215
2411,Москва,Майкоп,0.306
2412,Москва,Санкт-Петербург,0.03
2413,Москва,Кемерово,1.979
2414,Москва,Сертолово,0.205
2415,Москва,Зерноград,0.08
2416,Москва,Владивосток,0.069
2417,Москва,Новосибирск,0.07
2418,Москва,Санкт-Петербург,0.705
2419,Москва,Магнитогорск,0.117
2420,Москва,Москва,0.218
2421,Москва,Барнаул,0.144
2422,Москва,Королев,0.071
2423,Москва,Калининград,1.218
2424,Москва,Иркутск,0.562
2425,Москва,Санкт-Петербург,0.025
2426,Москва,Санкт-Петербург,0.058
2427,Москва,Москва,0.109
2428,Москва,Москва,0.081
2429,Москва,Москва,0.044
2430,Москва,Химки,0.031
2431,Санкт-Петербург,Нур-Султан (Астана),0.5
2432,Москва,Казань,0.021
2433,Москва,Санкт-Петербург,0.046
2434,Москва,Москва,0.129
2435,Москва,Москва,0.073
2436,Москва,Чита,0.274
2437,Москва,Новокузнецк,0.164
2438,Москва,Таганрог,0.069
2439,Москва,Муром,0.247
2440,Москва,Ачинск,0.088
2441,Москва,Москва,1.533
2442,Москва,Москва,0.527
2443,Москва,Брянск,0.107
2444,Москва,Санкт-Петербург,0.015
2445,Москва,Туапсе,0.102
2446,Москва,Санкт-Петербург,0.204
2447,Москва,Калининград,0.056
2448,Москва,Ленинск-Кузнецкий,0.04
2449,Москва,Кемерово,0.764
2450,Москва,Владивосток,0.04
2451,Москва,Майкоп,0.03
2452,Москва,Санкт-Петербург,0.016
2453,Москва,Тюмень,0.051
2454,Москва,Барнаул,0.122
2455,Москва,Калининград,0.036
2456,Москва,Санкт-Петербург,0.022
2457,Москва,Челябинск,0.294
2458,Москва,Москва,0.094
2459,Москва,Омск,0.849
2460,Москва,Кемерово,0.027
2461,Москва,Петропавловск-Камчатский,1.386
2462,Москва,Новотроицк,0.096
2463,Москва,Одинцово,0.072
2464,Москва,Томск,0.031
2465,Москва,Санкт-Петербург,0.043
2466,Москва,Ейск,0.03
2467,Москва,Красноярск,0.068
2468,Москва,Челябинск,0.082
2469,Москва,Калуга ,0.038
2470,Москва,Кокошкино,0.073
2471,Москва,Санкт-Петербург,0.046
2472,Москва,Барнаул,0.114
2473,Москва,Санкт-Петербург,0.069
2474,Москва,Санкт-Петербург,0.092
2475,Москва,Санкт-Петербург,0.059
2476,Москва,Санкт-Петербург,0.101
2477,Москва,Новороссийск,0.045
2478,Москва,Санкт-Петербург,0.034
2479,Москва,Санкт-Петербург,0.026
2480,Москва,Москва,0.054
2481,Москва,Кострома,0.794
2482,Москва,Екатеринбург,0.171
2483,Москва,Москва,0.106
2484,Москва,Омск,0.207
2485,Москва,Новосибирск,0.098
2486,Москва,Нижний Тагил,0.705
2487,Москва,Новый Уренгой,0.009
2488,Москва,Омск,0.105
2489,Москва,Краснодар,0.505
2490,Москва,Кострома,0.108
2491,Москва,Санкт-Петербург,0.077
2492,Москва,Санкт-Петербург,1.071
2493,Москва,Видное,0.022
2494,Москва,Братск,0.036
2495,Москва,Красноярск,0.25
2496,Москва,Санкт-Петербург,0.116
2497,Москва,Иркутск,0.056
2498,Москва,Магадан,1.841
2499,Москва,Челябинск,0.088
2500,Москва,Новосибирск,0.03
2501,Москва,Челябинск,1.09
2502,Москва,"Железнодорожный, Балашиха",0.065
2503,Москва,Новосибирск,0.039
2504,Москва,Москва,0.15
2505,Москва,Санкт-Петербург,0.089
2506,Москва,Сургут,0.249
2507,Москва,Барнаул,0.087
2508,Москва,Санкт-Петербург,0.03
2509,Москва,Саратов,0.058
2510,Москва,Москва,0.127
2511,Москва,Одинцово,0.068
2512,Москва,Москва,0.037
2513,Москва,Москва,0.226
2514,Москва,"Ильский, Северский р-н",0.032
2515,Москва,Санкт-Петербург,0.062
2516,Москва,Магнитогорск,0.022
2517,Москва,Истра,0.289
2518,Москва,Красноярск,0.177
2519,Москва,Усолье-Сибирское,0.041
2520,Москва,Омск,0.037
2521,Москва,Реутов,0.105
2522,Москва,Новосибирск,0.242
2523,Москва,Одинцово,0.217
2524,Москва,Самара,0.48
2525,Москва,Санкт-Петербург,0.038
2526,Москва,Архангельск,0.832
2527,Москва,Москва,0.113
2528,Москва,Москва,0.506
2529,Москва,Новосибирск,0.016
2530,Москва,Владимир,0.053
2531,Москва,Тында,0.086
2532,Москва,Москва,0.891
2533,Москва,Новосибирск,0.044
2534,Москва,Барнаул,0.009
2535,Москва,Нижний Новгород,0.138
2536,Москва,Омск,0.129
2537,Москва,Москва,0.047
2538,Москва,Бутово,0.597
2539,Москва,Белово,0.037
2540,Москва,Барнаул,0.013
2541,Москва,Санкт-Петербург,1.3
2542,Москва,Новосибирск,0.013
2543,Москва,Санкт-Петербург,0.01
2544,Москва,Томск,0.089
2545,Москва,Челябинск,0.351
2546,Москва,Курск,0.258
2547,Москва,Бирск,0.015
2548,Москва,Омск,0.078
2549,Москва,Санкт-Петербург,0.21
2550,Москва,Дубна,0.067
2551,Москва,Елизово,0.08
2552,Москва,Новороссийск,0.06
2553,Москва,Москва,0.125
2554,Москва,Ростов-на-Дону,0.021
2555,Москва,Ковров,0.24
2556,Москва,Челябинск,0.391
2557,Москва,Дербент,0.132
2558,Москва,имени Свердлова,0.255
2559,Москва,Горячий Ключ,0.187
2560,Москва,Митино,0.116
2561,Москва,Белово,0.046
2562,Москва,Петергоф,0.881
2563,Москва,Новокузнецк,0.03
2564,Москва,Сочи,0.043
2565,Москва,Москва,0.205
2566,Москва,Реутов,0.071
2567,Москва,Москва,0.076
2568,Москва,Калининград,0.015
2569,Москва,Санкт-Петербург,0.039
2570,Москва,Волосово,0.317
2571,Москва,Балабаново,0.252
2572,Москва,Сертолово,0.232
2573,Москва,Бийск,0.03
2574,Москва,Новосибирск,0.156
2575,Москва,Краснознаменск,0.028
2576,Москва,Санкт-Петербург,0.087
2577,Москва,Воронеж,0.151
2578,Москва,Бутово,0.116
2579,Москва,Омск,0.05
2580,Санкт-Петербург,Екатеринбург,0.5
2581,Москва,Омск,0.345
2582,Москва,Калининград,0.014
2583,Москва,Екатеринбург,0.088
2584,Москва,Барнаул,0.118
2585,Москва,Власиха,0.088
2586,Москва,Екатеринбург,0.027
2587,Москва,Кемерово,0.031
2588,Москва,Бутово,0.083
2589,Москва,Кудрово,0.65
2590,Москва,Чита,0.038
2591,Москва,Владивосток,0.032
2592,Москва,Санкт-Петербург,0.046
2593,Москва,Калуга ,0.281
2594,Москва,"Железнодорожный, Балашиха",0.031
2595,Москва,Краснодар,0.255
2596,Москва,Молоково,0.064
2597,Москва,Челябинск,0.034
2598,Москва,Санкт-Петербург,0.058
2599,Москва,Ханты-Мансийск,0.041
2600,Москва,Одинцово,0.526
2601,Москва,Санкт-Петербург,0.04
2602,Москва,Норильск,0.048
2603,Москва,Березники,0.022
2604,Москва,Ростов-на-Дону,0.036
2605,Москва,Новосибирск,0.228
2606,Москва,Москва,0.033
2607,Москва,Барнаул,0.052
2608,Москва,Москва,1.033
2609,Москва,Москва,0.069
2610,Москва,Калининград,0.035
2611,Москва,Омск,0.031
2612,Москва,Новокузнецк,0.069
2613,Москва,Ейск,0.089
2614,Москва,Краснодар,0.071
2615,Краснодар,Калининград,0.34
2616,Москва,Москва,0.075
2617,Москва,Калининград,0.043
2618,Москва,Улан-Удэ,0.029
2619,Москва,Санкт-Петербург,0.033
2620,Москва,Санкт-Петербург,0.057
